STATE,CANDIDATE,OFFICE,DISTRICT,CATEGORY,AMOUNT
COLORADO,LINDSEY N. DAUGHERTY,STATE HOUSE,29,CAMPAIGN CONSULTING,121172.03
COLORADO,LINDSEY N. DAUGHERTY,STATE HOUSE,29,PRINTING,6993.72
COLORADO,LINDSEY N. DAUGHERTY,STATE HOUSE,29,OFFICE EXPENSES,4736.92
COLORADO,LINDSEY N. DAUGHERTY,STATE HOUSE,29,CREDIT CARD PROCESSING FEES,3163.42
COLORADO,LINDSEY N. DAUGHERTY,STATE HOUSE,29,SOFTWARE & TECHNOLOGY,2834.57
COLORADO,LINDSEY N. DAUGHERTY,STATE HOUSE,29,SALARY & PAYROLL,1961.1599999999999
COLORADO,LINDSEY N. DAUGHERTY,STATE HOUSE,29,SHIPPING & POSTAGE,1939.36
COLORADO,LINDSEY N. DAUGHERTY,STATE HOUSE,29,MEALS & CATERING,1737.6999999999998
COLORADO,LINDSEY N. DAUGHERTY,STATE HOUSE,29,UTILITIES,1048.0
COLORADO,LINDSEY N. DAUGHERTY,STATE HOUSE,29,FUNDRAISING & FUNDRAISING CONSULTING,973.64
COLORADO,JOANN GINAL,STATE SENATE,14,CAMPAIGN CONSULTING,14400.0
COLORADO,JOANN GINAL,STATE SENATE,14,SHIPPING & POSTAGE,12160.82
COLORADO,JOANN GINAL,STATE SENATE,14,GENERAL OPERATIONS & SUPPLIES,11293.539999999999
COLORADO,JOANN GINAL,STATE SENATE,14,PRINTING,5695.84
COLORADO,JOANN GINAL,STATE SENATE,14,TRAVEL & LODGING,3769.54
COLORADO,JOANN GINAL,STATE SENATE,14,CAMPAIGN SIGNS & PARAPHERNALIA,1989.15
COLORADO,JOANN GINAL,STATE SENATE,14,SOFTWARE & TECHNOLOGY,1929.5
COLORADO,JOANN GINAL,STATE SENATE,14,MEALS & CATERING,951.6200000000001
COLORADO,JOANN GINAL,STATE SENATE,14,OFFICE EXPENSES,839.94
COLORADO,JOANN GINAL,STATE SENATE,14,CONTRIBUTION & DONATION,600.0
COLORADO,KEVIN VAN WINKLE,STATE HOUSE,43,MEDIA & ADS,57381.48
COLORADO,KEVIN VAN WINKLE,STATE HOUSE,43,POLITICAL FUNDS & GROUPS,11918.52
COLORADO,KEVIN VAN WINKLE,STATE HOUSE,43,PRINTING,4461.32
COLORADO,KEVIN VAN WINKLE,STATE HOUSE,43,CAMPAIGN CONSULTING,3900.0
COLORADO,KEVIN VAN WINKLE,STATE HOUSE,43,DIGITAL ADVERTISING,3044.0
COLORADO,KEVIN VAN WINKLE,STATE HOUSE,43,OFFICE EXPENSES,708.12
COLORADO,KEVIN VAN WINKLE,STATE HOUSE,43,CREDIT CARD PROCESSING FEES,661.56
COLORADO,KEVIN VAN WINKLE,STATE HOUSE,43,WEBSITE SERVICES,627.5999999999999
COLORADO,KEVIN VAN WINKLE,STATE HOUSE,43,GENERAL OPERATIONS & SUPPLIES,373.82
COLORADO,KEVIN VAN WINKLE,STATE HOUSE,43,CAMPAIGN SIGNS & PARAPHERNALIA,370.0
COLORADO,ANDRES G. PICO,STATE HOUSE,16,CAMPAIGN CONSULTING,20946.120000000003
COLORADO,ANDRES G. PICO,STATE HOUSE,16,MEDIA & ADS,3775.84
COLORADO,ANDRES G. PICO,STATE HOUSE,16,CONTRIBUTION & DONATION,700.0
COLORADO,ANDRES G. PICO,STATE HOUSE,16,CAMPAIGN SIGNS & PARAPHERNALIA,364.17
COLORADO,ANDRES G. PICO,STATE HOUSE,16,OFFICE EXPENSES,305.27
COLORADO,ANDRES G. PICO,STATE HOUSE,16,WEBSITE SERVICES,180.33
COLORADO,ANDRES G. PICO,STATE HOUSE,16,SHIPPING & POSTAGE,173.0
COLORADO,ANDRES G. PICO,STATE HOUSE,16,MEALS & CATERING,157.29
COLORADO,ANDRES G. PICO,STATE HOUSE,16,GENERAL OPERATIONS & SUPPLIES,135.31
COLORADO,ANDRES G. PICO,STATE HOUSE,16,CREDIT CARD PROCESSING FEES,91.95
COLORADO,SHANE SANDRIDGE,STATE HOUSE,14,GENERAL OPERATIONS & SUPPLIES,8319.68
COLORADO,SHANE SANDRIDGE,STATE HOUSE,14,CAMPAIGN CONSULTING,1150.0
COLORADO,SHANE SANDRIDGE,STATE HOUSE,14,MEALS & CATERING,732.0
COLORADO,SHANE SANDRIDGE,STATE HOUSE,14,MEDIA & ADS,590.11
COLORADO,SHANE SANDRIDGE,STATE HOUSE,14,FUEL & GAS,507.68
COLORADO,SHANE SANDRIDGE,STATE HOUSE,14,PRINTING,455.98
COLORADO,SHANE SANDRIDGE,STATE HOUSE,14,OFFICE EXPENSES,442.06
COLORADO,SHANE SANDRIDGE,STATE HOUSE,14,FUNDRAISING & FUNDRAISING CONSULTING,248.17
COLORADO,SHANE SANDRIDGE,STATE HOUSE,14,SHIPPING & POSTAGE,164.0
COLORADO,SHANE SANDRIDGE,STATE HOUSE,14,DIGITAL ADVERTISING,100.0
COLORADO,DON CORAM,STATE SENATE,6,TRAVEL & LODGING,17481.449999999997
COLORADO,DON CORAM,STATE SENATE,6,POLITICAL FUNDS & GROUPS,6279.18
COLORADO,DON CORAM,STATE SENATE,6,MEDIA & ADS,5900.15
COLORADO,DON CORAM,STATE SENATE,6,OFFICE EXPENSES,3283.68
COLORADO,DON CORAM,STATE SENATE,6,FUEL & GAS,2128.8900000000003
COLORADO,DON CORAM,STATE SENATE,6,"PR, COMMUNICATIONS, & MARKETING",1788.0
COLORADO,DON CORAM,STATE SENATE,6,MEALS & CATERING,1640.8299999999995
COLORADO,DON CORAM,STATE SENATE,6,CONTRIBUTION & DONATION,1570.0
COLORADO,DON CORAM,STATE SENATE,6,GENERAL OPERATIONS & SUPPLIES,859.23
COLORADO,DON CORAM,STATE SENATE,6,SOFTWARE & TECHNOLOGY,799.44
COLORADO,MIKE WEISSMAN,STATE HOUSE,36,CAMPAIGN CONSULTING,22860.95
COLORADO,MIKE WEISSMAN,STATE HOUSE,36,SALARY & PAYROLL,16897.449999999997
COLORADO,MIKE WEISSMAN,STATE HOUSE,36,MEDIA & ADS,7966.379999999999
COLORADO,MIKE WEISSMAN,STATE HOUSE,36,PRINTING,3600.0
COLORADO,MIKE WEISSMAN,STATE HOUSE,36,SHIPPING & POSTAGE,3591.08
COLORADO,MIKE WEISSMAN,STATE HOUSE,36,OFFICE EXPENSES,1137.31
COLORADO,MIKE WEISSMAN,STATE HOUSE,36,CREDIT CARD PROCESSING FEES,936.6199999999999
COLORADO,MIKE WEISSMAN,STATE HOUSE,36,SOFTWARE & TECHNOLOGY,497.65000000000003
COLORADO,MIKE WEISSMAN,STATE HOUSE,36,GENERAL OPERATIONS & SUPPLIES,374.19000000000005
COLORADO,MIKE WEISSMAN,STATE HOUSE,36,INSURANCE,180.0
COLORADO,KIM RANSOM,STATE HOUSE,44,MEDIA & ADS,15455.86
COLORADO,KIM RANSOM,STATE HOUSE,44,UTILITIES,1680.68
COLORADO,KIM RANSOM,STATE HOUSE,44,CAMPAIGN CONSULTING,1542.0
COLORADO,KIM RANSOM,STATE HOUSE,44,CONTRIBUTION & DONATION,1250.0
COLORADO,KIM RANSOM,STATE HOUSE,44,PRINTING,1207.5
COLORADO,KIM RANSOM,STATE HOUSE,44,TRAVEL & LODGING,807.05
COLORADO,KIM RANSOM,STATE HOUSE,44,WEBSITE SERVICES,443.84
COLORADO,KIM RANSOM,STATE HOUSE,44,CANVASSING & FIELD WORK,400.0
COLORADO,KIM RANSOM,STATE HOUSE,44,CAMPAIGN SIGNS & PARAPHERNALIA,338.5
COLORADO,KIM RANSOM,STATE HOUSE,44,GENERAL OPERATIONS & SUPPLIES,326.65
COLORADO,COLIN LARSON,STATE HOUSE,22,MEDIA & ADS,24132.539999999997
COLORADO,COLIN LARSON,STATE HOUSE,22,CAMPAIGN CONSULTING,15850.0
COLORADO,COLIN LARSON,STATE HOUSE,22,DIGITAL ADVERTISING,11552.880000000003
COLORADO,COLIN LARSON,STATE HOUSE,22,PRINTING,11143.46
COLORADO,COLIN LARSON,STATE HOUSE,22,"PR, COMMUNICATIONS, & MARKETING",8207.0
COLORADO,COLIN LARSON,STATE HOUSE,22,SHIPPING & POSTAGE,1555.0
COLORADO,COLIN LARSON,STATE HOUSE,22,CONTRIBUTION & DONATION,1000.0
COLORADO,COLIN LARSON,STATE HOUSE,22,CREDIT CARD PROCESSING FEES,668.47
COLORADO,COLIN LARSON,STATE HOUSE,22,0,0.0
COLORADO,COLIN LARSON,STATE HOUSE,22,0,0.0
COLORADO,DOMINICK MORENO,STATE SENATE,21,MEALS & CATERING,5039.8
COLORADO,DOMINICK MORENO,STATE SENATE,21,CAMPAIGN CONSULTING,4228.66
COLORADO,DOMINICK MORENO,STATE SENATE,21,PRINTING,3350.0
COLORADO,DOMINICK MORENO,STATE SENATE,21,CONTRIBUTION & DONATION,2785.75
COLORADO,DOMINICK MORENO,STATE SENATE,21,TRAVEL & LODGING,2077.21
COLORADO,DOMINICK MORENO,STATE SENATE,21,SALARY & PAYROLL,848.8199999999999
COLORADO,DOMINICK MORENO,STATE SENATE,21,SOFTWARE & TECHNOLOGY,720.6499999999997
COLORADO,DOMINICK MORENO,STATE SENATE,21,EVENT EXPENSES,400.0
COLORADO,DOMINICK MORENO,STATE SENATE,21,CREDIT CARD PROCESSING FEES,356.9
COLORADO,DOMINICK MORENO,STATE SENATE,21,CREDIT CARD PAYMENT & BANK FEES,200.0
COLORADO,JOHN B. COOKE,STATE SENATE,13,MEDIA & ADS,26892.940000000002
COLORADO,JOHN B. COOKE,STATE SENATE,13,SOFTWARE & TECHNOLOGY,3289.35
COLORADO,JOHN B. COOKE,STATE SENATE,13,OFFICE EXPENSES,2261.38
COLORADO,JOHN B. COOKE,STATE SENATE,13,PRINTING,1410.0
COLORADO,JOHN B. COOKE,STATE SENATE,13,CAMPAIGN CONSULTING,1186.35
COLORADO,JOHN B. COOKE,STATE SENATE,13,CAMPAIGN SIGNS & PARAPHERNALIA,591.1
COLORADO,JOHN B. COOKE,STATE SENATE,13,CONTRIBUTION & DONATION,500.0
COLORADO,JOHN B. COOKE,STATE SENATE,13,ACCOUNTING & FINANCIAL MANAGEMENT,250.0
COLORADO,JOHN B. COOKE,STATE SENATE,13,MEALS & CATERING,250.0
COLORADO,JOHN B. COOKE,STATE SENATE,13,CREDIT CARD PAYMENT & BANK FEES,216.33
COLORADO,RICHARD HOLTORF,STATE HOUSE,64,MEDIA & ADS,14058.289999999999
COLORADO,RICHARD HOLTORF,STATE HOUSE,64,CAMPAIGN CONSULTING,4716.99
COLORADO,RICHARD HOLTORF,STATE HOUSE,64,CONTRIBUTION & DONATION,3990.0
COLORADO,RICHARD HOLTORF,STATE HOUSE,64,TRAVEL & LODGING,2977.74
COLORADO,RICHARD HOLTORF,STATE HOUSE,64,FUEL & GAS,1239.0100000000002
COLORADO,RICHARD HOLTORF,STATE HOUSE,64,SALARY & PAYROLL,1187.84
COLORADO,RICHARD HOLTORF,STATE HOUSE,64,MEALS & CATERING,814.93
COLORADO,RICHARD HOLTORF,STATE HOUSE,64,OFFICE EXPENSES,662.16
COLORADO,RICHARD HOLTORF,STATE HOUSE,64,GENERAL OPERATIONS & SUPPLIES,349.3
COLORADO,RICHARD HOLTORF,STATE HOUSE,64,FUNDRAISING & FUNDRAISING CONSULTING,300.0
COLORADO,LEROY M. GARCIA,STATE SENATE,3,MEDIA & ADS,49793.7
COLORADO,LEROY M. GARCIA,STATE SENATE,3,CAMPAIGN CONSULTING,17172.67
COLORADO,LEROY M. GARCIA,STATE SENATE,3,MEALS & CATERING,7365.330000000001
COLORADO,LEROY M. GARCIA,STATE SENATE,3,GENERAL OPERATIONS & SUPPLIES,4678.04
COLORADO,LEROY M. GARCIA,STATE SENATE,3,CANVASSING & FIELD WORK,4052.71
COLORADO,LEROY M. GARCIA,STATE SENATE,3,PRINTING,3380.0
COLORADO,LEROY M. GARCIA,STATE SENATE,3,CAMPAIGN SIGNS & PARAPHERNALIA,3209.54
COLORADO,LEROY M. GARCIA,STATE SENATE,3,FUEL & GAS,2856.5600000000004
COLORADO,LEROY M. GARCIA,STATE SENATE,3,SALARY & PAYROLL,1900.0
COLORADO,LEROY M. GARCIA,STATE SENATE,3,CONTRIBUTION & DONATION,1750.0
COLORADO,MARC A. SNYDER,STATE HOUSE,18,CAMPAIGN CONSULTING,37964.0
COLORADO,MARC A. SNYDER,STATE HOUSE,18,SALARY & PAYROLL PROCESSING FEE,5103.839999999999
COLORADO,MARC A. SNYDER,STATE HOUSE,18,OFFICE EXPENSES,4402.749999999999
COLORADO,MARC A. SNYDER,STATE HOUSE,18,GENERAL OPERATIONS & SUPPLIES,3509.0
COLORADO,MARC A. SNYDER,STATE HOUSE,18,CONTRIBUTION & DONATION,2140.0
COLORADO,MARC A. SNYDER,STATE HOUSE,18,SALARY & PAYROLL,2117.17
COLORADO,MARC A. SNYDER,STATE HOUSE,18,CREDIT CARD PROCESSING FEES,1264.35
COLORADO,MARC A. SNYDER,STATE HOUSE,18,SOFTWARE & TECHNOLOGY,1000.0
COLORADO,MARC A. SNYDER,STATE HOUSE,18,DIGITAL ADVERTISING,949.02
COLORADO,MARC A. SNYDER,STATE HOUSE,18,REIMBURSEMENT,857.19
COLORADO,YADIRA CARAVEO,STATE HOUSE,31,SALARY & PAYROLL,16812.84
COLORADO,YADIRA CARAVEO,STATE HOUSE,31,CAMPAIGN CONSULTING,9607.59
COLORADO,YADIRA CARAVEO,STATE HOUSE,31,PRINTING,5654.72
COLORADO,YADIRA CARAVEO,STATE HOUSE,31,PAYROLL TAX,4878.12
COLORADO,YADIRA CARAVEO,STATE HOUSE,31,MEDIA & ADS,4262.030000000001
COLORADO,YADIRA CARAVEO,STATE HOUSE,31,CREDIT CARD PROCESSING FEES,1738.5099999999998
COLORADO,YADIRA CARAVEO,STATE HOUSE,31,SHIPPING & POSTAGE,1588.23
COLORADO,YADIRA CARAVEO,STATE HOUSE,31,GENERAL OPERATIONS & SUPPLIES,1364.8
COLORADO,YADIRA CARAVEO,STATE HOUSE,31,SOFTWARE & TECHNOLOGY,1234.73
COLORADO,YADIRA CARAVEO,STATE HOUSE,31,TRAVEL & LODGING,673.3
COLORADO,KAREN MCCORMICK,STATE HOUSE,11,SOFTWARE & TECHNOLOGY,8435.66
COLORADO,KAREN MCCORMICK,STATE HOUSE,11,OFFICE EXPENSES,4905.530000000001
COLORADO,KAREN MCCORMICK,STATE HOUSE,11,MEDIA & ADS,4839.62
COLORADO,KAREN MCCORMICK,STATE HOUSE,11,DIGITAL ADVERTISING,4719.0
COLORADO,KAREN MCCORMICK,STATE HOUSE,11,CAMPAIGN CONSULTING,4000.0
COLORADO,KAREN MCCORMICK,STATE HOUSE,11,PRINTING,3350.0
COLORADO,KAREN MCCORMICK,STATE HOUSE,11,SHIPPING & POSTAGE,3003.0499999999997
COLORADO,KAREN MCCORMICK,STATE HOUSE,11,TRAVEL & LODGING,2921.6000000000004
COLORADO,KAREN MCCORMICK,STATE HOUSE,11,CREDIT CARD PAYMENT & BANK FEES,1438.9900000000002
COLORADO,KAREN MCCORMICK,STATE HOUSE,11,FUNDRAISING & FUNDRAISING CONSULTING,1000.0
COLORADO,HUGH MCKEAN,STATE HOUSE,51,OFFICE EXPENSES,24213.400000000005
COLORADO,HUGH MCKEAN,STATE HOUSE,51,CAMPAIGN CONSULTING,18931.0
COLORADO,HUGH MCKEAN,STATE HOUSE,51,"PR, COMMUNICATIONS, & MARKETING",3152.41
COLORADO,HUGH MCKEAN,STATE HOUSE,51,ACCOUNTING & FINANCIAL MANAGEMENT,2027.75
COLORADO,HUGH MCKEAN,STATE HOUSE,51,MEDIA & ADS,1941.0
COLORADO,HUGH MCKEAN,STATE HOUSE,51,WEBSITE SERVICES,1562.03
COLORADO,HUGH MCKEAN,STATE HOUSE,51,MEALS & CATERING,1278.13
COLORADO,HUGH MCKEAN,STATE HOUSE,51,GENERAL OPERATIONS & SUPPLIES,498.59000000000003
COLORADO,HUGH MCKEAN,STATE HOUSE,51,PRINTING,491.26
COLORADO,HUGH MCKEAN,STATE HOUSE,51,LEGAL SERVICES,478.75
COLORADO,CHRISTOPHER KOLKER,STATE SENATE,27,CAMPAIGN CONSULTING,58302.81
COLORADO,CHRISTOPHER KOLKER,STATE SENATE,27,SHIPPING & POSTAGE,49289.899999999994
COLORADO,CHRISTOPHER KOLKER,STATE SENATE,27,DIGITAL ADVERTISING,35346.83
COLORADO,CHRISTOPHER KOLKER,STATE SENATE,27,CANVASSING & FIELD WORK,21150.78
COLORADO,CHRISTOPHER KOLKER,STATE SENATE,27,SALARY & PAYROLL,19446.75
COLORADO,CHRISTOPHER KOLKER,STATE SENATE,27,SOFTWARE & TECHNOLOGY,12074.33
COLORADO,CHRISTOPHER KOLKER,STATE SENATE,27,PRINTING,5531.83
COLORADO,CHRISTOPHER KOLKER,STATE SENATE,27,GENERAL OPERATIONS & SUPPLIES,4600.0
COLORADO,CHRISTOPHER KOLKER,STATE SENATE,27,CREDIT CARD PROCESSING FEES,3872.4399999999996
COLORADO,CHRISTOPHER KOLKER,STATE SENATE,27,TRAVEL & LODGING,3095.01
COLORADO,THOMAS EXUM,STATE HOUSE,17,CAMPAIGN CONSULTING,68810.67
COLORADO,THOMAS EXUM,STATE HOUSE,17,GENERAL OPERATIONS & SUPPLIES,9208.49
COLORADO,THOMAS EXUM,STATE HOUSE,17,REIMBURSEMENT,5956.509999999999
COLORADO,THOMAS EXUM,STATE HOUSE,17,OFFICE EXPENSES,5322.8499999999985
COLORADO,THOMAS EXUM,STATE HOUSE,17,"PR, COMMUNICATIONS, & MARKETING",5076.599999999999
COLORADO,THOMAS EXUM,STATE HOUSE,17,SALARY & PAYROLL,5000.0
COLORADO,THOMAS EXUM,STATE HOUSE,17,MEDIA & ADS,3608.66
COLORADO,THOMAS EXUM,STATE HOUSE,17,CONTRIBUTION & DONATION,2000.0
COLORADO,THOMAS EXUM,STATE HOUSE,17,SOFTWARE & TECHNOLOGY,965.44
COLORADO,THOMAS EXUM,STATE HOUSE,17,CREDIT CARD PROCESSING FEES,925.23
COLORADO,EDIE HOOTON,STATE HOUSE,10,GENERAL OPERATIONS & SUPPLIES,50882.88
COLORADO,EDIE HOOTON,STATE HOUSE,10,TAXES,13179.52
COLORADO,EDIE HOOTON,STATE HOUSE,10,PRINTING,6400.0
COLORADO,EDIE HOOTON,STATE HOUSE,10,SOFTWARE & TECHNOLOGY,5983.780000000001
COLORADO,EDIE HOOTON,STATE HOUSE,10,CONTRIBUTION & DONATION,3975.0
COLORADO,EDIE HOOTON,STATE HOUSE,10,SALARY & PAYROLL,2564.0
COLORADO,EDIE HOOTON,STATE HOUSE,10,WEBSITE SERVICES,910.47
COLORADO,EDIE HOOTON,STATE HOUSE,10,TRAVEL & LODGING,450.0
COLORADO,EDIE HOOTON,STATE HOUSE,10,INSURANCE,430.0
COLORADO,EDIE HOOTON,STATE HOUSE,10,CAMPAIGN CONSULTING,256.28
COLORADO,DYLAN ROBERTS,STATE HOUSE,26,WEBSITE SERVICES,5386.720000000001
COLORADO,DYLAN ROBERTS,STATE HOUSE,26,PRINTING,4806.78
COLORADO,DYLAN ROBERTS,STATE HOUSE,26,SALARY & PAYROLL,3694.5799999999995
COLORADO,DYLAN ROBERTS,STATE HOUSE,26,CAMPAIGN CONSULTING,3000.0
COLORADO,DYLAN ROBERTS,STATE HOUSE,26,CONTRIBUTION & DONATION,2542.0
COLORADO,DYLAN ROBERTS,STATE HOUSE,26,SOFTWARE & TECHNOLOGY,1292.8600000000001
COLORADO,DYLAN ROBERTS,STATE HOUSE,26,TRAVEL & LODGING,1205.9
COLORADO,DYLAN ROBERTS,STATE HOUSE,26,CREDIT CARD PROCESSING FEES,1021.23
COLORADO,DYLAN ROBERTS,STATE HOUSE,26,MEALS & CATERING,614.29
COLORADO,DYLAN ROBERTS,STATE HOUSE,26,DIGITAL ADVERTISING,362.53000000000003
COLORADO,LARRY G. LISTON,STATE SENATE,10,CAMPAIGN SIGNS & PARAPHERNALIA,32530.98
COLORADO,LARRY G. LISTON,STATE SENATE,10,MEDIA & ADS,29986.78
COLORADO,LARRY G. LISTON,STATE SENATE,10,CAMPAIGN CONSULTING,13850.0
COLORADO,LARRY G. LISTON,STATE SENATE,10,TRAVEL & LODGING,7847.64
COLORADO,LARRY G. LISTON,STATE SENATE,10,GENERAL OPERATIONS & SUPPLIES,6570.150000000001
COLORADO,LARRY G. LISTON,STATE SENATE,10,UTILITIES,3966.67
COLORADO,LARRY G. LISTON,STATE SENATE,10,LEGAL SERVICES,3288.0
COLORADO,LARRY G. LISTON,STATE SENATE,10,MEALS & CATERING,2368.8100000000004
COLORADO,LARRY G. LISTON,STATE SENATE,10,PRINTING,2222.24
COLORADO,LARRY G. LISTON,STATE SENATE,10,OFFICE EXPENSES,1180.85
COLORADO,JAMES RASHAD COLEMAN,STATE SENATE,33,0,0.0
COLORADO,JAMES RASHAD COLEMAN,STATE SENATE,33,0,0.0
COLORADO,JAMES RASHAD COLEMAN,STATE SENATE,33,0,0.0
COLORADO,JAMES RASHAD COLEMAN,STATE SENATE,33,0,0.0
COLORADO,JAMES RASHAD COLEMAN,STATE SENATE,33,0,0.0
COLORADO,JAMES RASHAD COLEMAN,STATE SENATE,33,0,0.0
COLORADO,JAMES RASHAD COLEMAN,STATE SENATE,33,0,0.0
COLORADO,JAMES RASHAD COLEMAN,STATE SENATE,33,0,0.0
COLORADO,JAMES RASHAD COLEMAN,STATE SENATE,33,0,0.0
COLORADO,JAMES RASHAD COLEMAN,STATE SENATE,33,0,0.0
COLORADO,PATRICK NEVILLE,STATE HOUSE,45,GENERAL OPERATIONS & SUPPLIES,947.51
COLORADO,PATRICK NEVILLE,STATE HOUSE,45,MEDIA & ADS,119.4
COLORADO,PATRICK NEVILLE,STATE HOUSE,45,SOFTWARE & TECHNOLOGY,16.17
COLORADO,PATRICK NEVILLE,STATE HOUSE,45,0,0.0
COLORADO,PATRICK NEVILLE,STATE HOUSE,45,0,0.0
COLORADO,PATRICK NEVILLE,STATE HOUSE,45,0,0.0
COLORADO,PATRICK NEVILLE,STATE HOUSE,45,0,0.0
COLORADO,PATRICK NEVILLE,STATE HOUSE,45,0,0.0
COLORADO,PATRICK NEVILLE,STATE HOUSE,45,0,0.0
COLORADO,PATRICK NEVILLE,STATE HOUSE,45,0,0.0
COLORADO,SANFORD E. LEE,STATE SENATE,11,TRAVEL & LODGING,912.14
COLORADO,SANFORD E. LEE,STATE SENATE,11,OFFICE EXPENSES,830.9599999999999
COLORADO,SANFORD E. LEE,STATE SENATE,11,ACCOUNTING & FINANCIAL MANAGEMENT,829.52
COLORADO,SANFORD E. LEE,STATE SENATE,11,SOFTWARE & TECHNOLOGY,619.97
COLORADO,SANFORD E. LEE,STATE SENATE,11,WEBSITE SERVICES,145.01
COLORADO,SANFORD E. LEE,STATE SENATE,11,FUEL & GAS,140.0
COLORADO,SANFORD E. LEE,STATE SENATE,11,SHIPPING & POSTAGE,132.0
COLORADO,SANFORD E. LEE,STATE SENATE,11,MEDIA & ADS,70.52000000000001
COLORADO,SANFORD E. LEE,STATE SENATE,11,GENERAL OPERATIONS & SUPPLIES,38.56
COLORADO,SANFORD E. LEE,STATE SENATE,11,DIGITAL ADVERTISING,10.0
COLORADO,JIM SMALLWOOD,STATE SENATE,4,CAMPAIGN CONSULTING,10828.96
COLORADO,JIM SMALLWOOD,STATE SENATE,4,CAMPAIGN SIGNS & PARAPHERNALIA,5283.63
COLORADO,JIM SMALLWOOD,STATE SENATE,4,CONTRIBUTION & DONATION,1050.0
COLORADO,JIM SMALLWOOD,STATE SENATE,4,MEDIA & ADS,750.0
COLORADO,JIM SMALLWOOD,STATE SENATE,4,PRINTING,544.65
COLORADO,JIM SMALLWOOD,STATE SENATE,4,OFFICE EXPENSES,350.75
COLORADO,JIM SMALLWOOD,STATE SENATE,4,MEALS & CATERING,307.44
COLORADO,JIM SMALLWOOD,STATE SENATE,4,TRAVEL & LODGING,220.65
COLORADO,JIM SMALLWOOD,STATE SENATE,4,0,0.0
COLORADO,JIM SMALLWOOD,STATE SENATE,4,0,0.0
COLORADO,DAVID ORTIZ,STATE HOUSE,38,MEDIA & ADS,91083.47
COLORADO,DAVID ORTIZ,STATE HOUSE,38,CAMPAIGN CONSULTING,64407.590000000004
COLORADO,DAVID ORTIZ,STATE HOUSE,38,SALARY & PAYROLL,19608.04
COLORADO,DAVID ORTIZ,STATE HOUSE,38,CONTRIBUTION & DONATION,12476.94
COLORADO,DAVID ORTIZ,STATE HOUSE,38,PRINTING,7249.549999999999
COLORADO,DAVID ORTIZ,STATE HOUSE,38,SHIPPING & POSTAGE,6560.14
COLORADO,DAVID ORTIZ,STATE HOUSE,38,CREDIT CARD PROCESSING FEES,5500.070000000001
COLORADO,DAVID ORTIZ,STATE HOUSE,38,DIGITAL ADVERTISING,4156.99
COLORADO,DAVID ORTIZ,STATE HOUSE,38,UTILITIES,3173.7
COLORADO,DAVID ORTIZ,STATE HOUSE,38,SOFTWARE & TECHNOLOGY,2859.0699999999997
COLORADO,RACHEL ZENZINGER,STATE SENATE,19,MEDIA & ADS,135170.02999999997
COLORADO,RACHEL ZENZINGER,STATE SENATE,19,CAMPAIGN CONSULTING,54265.6
COLORADO,RACHEL ZENZINGER,STATE SENATE,19,GENERAL OPERATIONS & SUPPLIES,32521.16
COLORADO,RACHEL ZENZINGER,STATE SENATE,19,SALARY & PAYROLL,18719.780000000002
COLORADO,RACHEL ZENZINGER,STATE SENATE,19,SHIPPING & POSTAGE,13334.75
COLORADO,RACHEL ZENZINGER,STATE SENATE,19,FUNDRAISING & FUNDRAISING CONSULTING,7000.0
COLORADO,RACHEL ZENZINGER,STATE SENATE,19,OFFICE EXPENSES,5671.25
COLORADO,RACHEL ZENZINGER,STATE SENATE,19,PRINTING,5505.530000000001
COLORADO,RACHEL ZENZINGER,STATE SENATE,19,CREDIT CARD PROCESSING FEES,4555.46
COLORADO,RACHEL ZENZINGER,STATE SENATE,19,SOFTWARE & TECHNOLOGY,2865.41
COLORADO,EMILY LIPP SIROTA,STATE HOUSE,9,CAMPAIGN CONSULTING,10843.04
COLORADO,EMILY LIPP SIROTA,STATE HOUSE,9,GENERAL OPERATIONS & SUPPLIES,4875.630000000001
COLORADO,EMILY LIPP SIROTA,STATE HOUSE,9,PRINTING,3786.55
COLORADO,EMILY LIPP SIROTA,STATE HOUSE,9,POLITICAL FUNDS & GROUPS,2000.0
COLORADO,EMILY LIPP SIROTA,STATE HOUSE,9,SOFTWARE & TECHNOLOGY,1443.6900000000003
COLORADO,EMILY LIPP SIROTA,STATE HOUSE,9,CREDIT CARD PROCESSING FEES,621.43
COLORADO,EMILY LIPP SIROTA,STATE HOUSE,9,SHIPPING & POSTAGE,492.0
COLORADO,EMILY LIPP SIROTA,STATE HOUSE,9,MEDIA & ADS,383.64
COLORADO,EMILY LIPP SIROTA,STATE HOUSE,9,CONTRIBUTION & DONATION,375.0
COLORADO,EMILY LIPP SIROTA,STATE HOUSE,9,WEBSITE SERVICES,336.0
COLORADO,ALEC GARNETT,STATE HOUSE,2,SOFTWARE & TECHNOLOGY,10451.89
COLORADO,ALEC GARNETT,STATE HOUSE,2,TRAVEL & LODGING,9922.539999999999
COLORADO,ALEC GARNETT,STATE HOUSE,2,MEALS & CATERING,9574.05
COLORADO,ALEC GARNETT,STATE HOUSE,2,GENERAL OPERATIONS & SUPPLIES,8612.970000000001
COLORADO,ALEC GARNETT,STATE HOUSE,2,PRINTING,7100.0
COLORADO,ALEC GARNETT,STATE HOUSE,2,OFFICE EXPENSES,3049.14
COLORADO,ALEC GARNETT,STATE HOUSE,2,CONTRIBUTION & DONATION,2828.0
COLORADO,ALEC GARNETT,STATE HOUSE,2,CAMPAIGN CONSULTING,2724.5
COLORADO,ALEC GARNETT,STATE HOUSE,2,MEDIA & ADS,2433.51
COLORADO,ALEC GARNETT,STATE HOUSE,2,CREDIT CARD PROCESSING FEES,1264.02
COLORADO,CHRIS HOLBERT,STATE SENATE,30,LEGAL SERVICES,68736.96
COLORADO,CHRIS HOLBERT,STATE SENATE,30,CONTRIBUTION & DONATION,2958.74
COLORADO,CHRIS HOLBERT,STATE SENATE,30,MEDIA & ADS,2957.85
COLORADO,CHRIS HOLBERT,STATE SENATE,30,MEALS & CATERING,2815.2599999999998
COLORADO,CHRIS HOLBERT,STATE SENATE,30,UTILITIES,2575.61
COLORADO,CHRIS HOLBERT,STATE SENATE,30,CAMPAIGN CONSULTING,2536.55
COLORADO,CHRIS HOLBERT,STATE SENATE,30,OFFICE EXPENSES,2305.08
COLORADO,CHRIS HOLBERT,STATE SENATE,30,TRAVEL & LODGING,2059.36
COLORADO,CHRIS HOLBERT,STATE SENATE,30,EVENT EXPENSES,1919.72
COLORADO,CHRIS HOLBERT,STATE SENATE,30,GENERAL OPERATIONS & SUPPLIES,1538.04
COLORADO,LISA A. CUTTER,STATE HOUSE,25,CAMPAIGN CONSULTING,105800.20999999999
COLORADO,LISA A. CUTTER,STATE HOUSE,25,SALARY & PAYROLL,28370.389999999992
COLORADO,LISA A. CUTTER,STATE HOUSE,25,PAYROLL TAX,10630.28
COLORADO,LISA A. CUTTER,STATE HOUSE,25,GENERAL OPERATIONS & SUPPLIES,5131.1
COLORADO,LISA A. CUTTER,STATE HOUSE,25,CONTRIBUTION & DONATION,4706.51
COLORADO,LISA A. CUTTER,STATE HOUSE,25,MEDIA & ADS,3551.0200000000004
COLORADO,LISA A. CUTTER,STATE HOUSE,25,CREDIT CARD PROCESSING FEES,2991.2
COLORADO,LISA A. CUTTER,STATE HOUSE,25,SHIPPING & POSTAGE,2474.09
COLORADO,LISA A. CUTTER,STATE HOUSE,25,TAXES,1872.47
COLORADO,LISA A. CUTTER,STATE HOUSE,25,PRINTING,1843.44
COLORADO,KERRY DONOVAN,STATE SENATE,5,CAMPAIGN CONSULTING,66726.18000000001
COLORADO,KERRY DONOVAN,STATE SENATE,5,PRINTING,33222.5
COLORADO,KERRY DONOVAN,STATE SENATE,5,MEDIA & ADS,18958.6
COLORADO,KERRY DONOVAN,STATE SENATE,5,CANVASSING & FIELD WORK,14530.11
COLORADO,KERRY DONOVAN,STATE SENATE,5,SOFTWARE & TECHNOLOGY,10172.07
COLORADO,KERRY DONOVAN,STATE SENATE,5,"PR, COMMUNICATIONS, & MARKETING",5235.0
COLORADO,KERRY DONOVAN,STATE SENATE,5,CREDIT CARD PAYMENT & BANK FEES,4121.12
COLORADO,KERRY DONOVAN,STATE SENATE,5,DIGITAL ADVERTISING,1962.5500000000002
COLORADO,KERRY DONOVAN,STATE SENATE,5,SHIPPING & POSTAGE,1868.13
COLORADO,KERRY DONOVAN,STATE SENATE,5,SALARY & PAYROLL,1765.4500000000003
COLORADO,DAFNA MICHAELSON JENET,STATE HOUSE,30,CAMPAIGN CONSULTING,52471.46
COLORADO,DAFNA MICHAELSON JENET,STATE HOUSE,30,GENERAL OPERATIONS & SUPPLIES,34832.04
COLORADO,DAFNA MICHAELSON JENET,STATE HOUSE,30,PRINTING,4249.540000000001
COLORADO,DAFNA MICHAELSON JENET,STATE HOUSE,30,SALARY & PAYROLL,4106.35
COLORADO,DAFNA MICHAELSON JENET,STATE HOUSE,30,OFFICE EXPENSES,3503.4
COLORADO,DAFNA MICHAELSON JENET,STATE HOUSE,30,MEDIA & ADS,2944.7
COLORADO,DAFNA MICHAELSON JENET,STATE HOUSE,30,SOFTWARE & TECHNOLOGY,1958.2600000000002
COLORADO,DAFNA MICHAELSON JENET,STATE HOUSE,30,CREDIT CARD PROCESSING FEES,1561.6100000000001
COLORADO,DAFNA MICHAELSON JENET,STATE HOUSE,30,TRAVEL & LODGING,1076.1399999999999
COLORADO,DAFNA MICHAELSON JENET,STATE HOUSE,30,CONTRIBUTION & DONATION,795.0
COLORADO,JEFF BRIDGES,STATE SENATE,26,CAMPAIGN CONSULTING,97752.12000000001
COLORADO,JEFF BRIDGES,STATE SENATE,26,GENERAL OPERATIONS & SUPPLIES,67258.63
COLORADO,JEFF BRIDGES,STATE SENATE,26,TAXES,18832.980000000003
COLORADO,JEFF BRIDGES,STATE SENATE,26,OFFICE EXPENSES,9256.150000000001
COLORADO,JEFF BRIDGES,STATE SENATE,26,SOFTWARE & TECHNOLOGY,7292.58
COLORADO,JEFF BRIDGES,STATE SENATE,26,CREDIT CARD PROCESSING FEES,6302.540000000001
COLORADO,JEFF BRIDGES,STATE SENATE,26,MEDIA & ADS,6016.54
COLORADO,JEFF BRIDGES,STATE SENATE,26,PAYROLL TAX,2442.0
COLORADO,JEFF BRIDGES,STATE SENATE,26,SHIPPING & POSTAGE,1576.8
COLORADO,JEFF BRIDGES,STATE SENATE,26,PRINTING,1502.75
COLORADO,ROBERT RODRIGUEZ,STATE SENATE,32,CAMPAIGN CONSULTING,105524.2
COLORADO,ROBERT RODRIGUEZ,STATE SENATE,32,MEDIA & ADS,47885.939999999995
COLORADO,ROBERT RODRIGUEZ,STATE SENATE,32,CANVASSING & FIELD WORK,34644.0
COLORADO,ROBERT RODRIGUEZ,STATE SENATE,32,SOFTWARE & TECHNOLOGY,2450.0
COLORADO,ROBERT RODRIGUEZ,STATE SENATE,32,CREDIT CARD PROCESSING FEES,1766.01
COLORADO,ROBERT RODRIGUEZ,STATE SENATE,32,MEALS & CATERING,921.94
COLORADO,ROBERT RODRIGUEZ,STATE SENATE,32,POLITICAL FUNDS & GROUPS,800.0
COLORADO,ROBERT RODRIGUEZ,STATE SENATE,32,CONTRIBUTION & DONATION,500.0
COLORADO,ROBERT RODRIGUEZ,STATE SENATE,32,"PR, COMMUNICATIONS, & MARKETING",500.0
COLORADO,ROBERT RODRIGUEZ,STATE SENATE,32,CAMPAIGN SIGNS & PARAPHERNALIA,470.75
COLORADO,BOB GARDNER,STATE SENATE,12,0,0.0
COLORADO,BOB GARDNER,STATE SENATE,12,0,0.0
COLORADO,BOB GARDNER,STATE SENATE,12,0,0.0
COLORADO,BOB GARDNER,STATE SENATE,12,0,0.0
COLORADO,BOB GARDNER,STATE SENATE,12,0,0.0
COLORADO,BOB GARDNER,STATE SENATE,12,0,0.0
COLORADO,BOB GARDNER,STATE SENATE,12,0,0.0
COLORADO,BOB GARDNER,STATE SENATE,12,0,0.0
COLORADO,BOB GARDNER,STATE SENATE,12,0,0.0
COLORADO,BOB GARDNER,STATE SENATE,12,0,0.0
COLORADO,DAN WOOG,STATE HOUSE,63,DIGITAL ADVERTISING,11548.239999999998
COLORADO,DAN WOOG,STATE HOUSE,63,MEDIA & ADS,6617.12
COLORADO,DAN WOOG,STATE HOUSE,63,CAMPAIGN CONSULTING,4856.34
COLORADO,DAN WOOG,STATE HOUSE,63,GENERAL OPERATIONS & SUPPLIES,4738.66
COLORADO,DAN WOOG,STATE HOUSE,63,FUNDRAISING & FUNDRAISING CONSULTING,4422.94
COLORADO,DAN WOOG,STATE HOUSE,63,ACCOUNTING & FINANCIAL MANAGEMENT,4392.34
COLORADO,DAN WOOG,STATE HOUSE,63,CAMPAIGN SIGNS & PARAPHERNALIA,3517.4700000000003
COLORADO,DAN WOOG,STATE HOUSE,63,"PR, COMMUNICATIONS, & MARKETING",1816.0
COLORADO,DAN WOOG,STATE HOUSE,63,MEALS & CATERING,1646.44
COLORADO,DAN WOOG,STATE HOUSE,63,EVENT EXPENSES,1293.6299999999999
COLORADO,TOM SULLIVAN,STATE HOUSE,37,CAMPAIGN CONSULTING,50907.21
COLORADO,TOM SULLIVAN,STATE HOUSE,37,SALARY & PAYROLL,34127.25
COLORADO,TOM SULLIVAN,STATE HOUSE,37,CAMPAIGN SIGNS & PARAPHERNALIA,31233.46
COLORADO,TOM SULLIVAN,STATE HOUSE,37,MEDIA & ADS,20551.93
COLORADO,TOM SULLIVAN,STATE HOUSE,37,DIGITAL ADVERTISING,19713.09
COLORADO,TOM SULLIVAN,STATE HOUSE,37,PRINTING,3414.7799999999997
COLORADO,TOM SULLIVAN,STATE HOUSE,37,CREDIT CARD PROCESSING FEES,3214.0799999999995
COLORADO,TOM SULLIVAN,STATE HOUSE,37,GENERAL OPERATIONS & SUPPLIES,2784.04
COLORADO,TOM SULLIVAN,STATE HOUSE,37,POLITICAL FUNDS & GROUPS,2000.0
COLORADO,TOM SULLIVAN,STATE HOUSE,37,SHIPPING & POSTAGE,1002.0899999999999
COLORADO,STEPHANIE LUCK,STATE HOUSE,47,MEDIA & ADS,22328.02
COLORADO,STEPHANIE LUCK,STATE HOUSE,47,DIRECT MAIL,4599.55
COLORADO,STEPHANIE LUCK,STATE HOUSE,47,MEALS & CATERING,2581.74
COLORADO,STEPHANIE LUCK,STATE HOUSE,47,DIGITAL ADVERTISING,1814.06
COLORADO,STEPHANIE LUCK,STATE HOUSE,47,TRAVEL & LODGING,1743.86
COLORADO,STEPHANIE LUCK,STATE HOUSE,47,CONTRIBUTION & DONATION,1001.25
COLORADO,STEPHANIE LUCK,STATE HOUSE,47,PRINTING,661.69
COLORADO,STEPHANIE LUCK,STATE HOUSE,47,WEBSITE SERVICES,601.7
COLORADO,STEPHANIE LUCK,STATE HOUSE,47,SHIPPING & POSTAGE,525.29
COLORADO,STEPHANIE LUCK,STATE HOUSE,47,CAMPAIGN CONSULTING,516.99
COLORADO,CHRIS HANSEN,STATE SENATE,31,CAMPAIGN CONSULTING,37222.0
COLORADO,CHRIS HANSEN,STATE SENATE,31,TRAVEL & LODGING,28721.52
COLORADO,CHRIS HANSEN,STATE SENATE,31,GENERAL OPERATIONS & SUPPLIES,8920.42
COLORADO,CHRIS HANSEN,STATE SENATE,31,MEDIA & ADS,8506.14
COLORADO,CHRIS HANSEN,STATE SENATE,31,MEALS & CATERING,7294.49
COLORADO,CHRIS HANSEN,STATE SENATE,31,PRINTING,6901.74
COLORADO,CHRIS HANSEN,STATE SENATE,31,OFFICE EXPENSES,4231.57
COLORADO,CHRIS HANSEN,STATE SENATE,31,DIGITAL ADVERTISING,2553.91
COLORADO,CHRIS HANSEN,STATE SENATE,31,SHIPPING & POSTAGE,2337.48
COLORADO,CHRIS HANSEN,STATE SENATE,31,CONTRIBUTION & DONATION,1723.0
COLORADO,MARK A. BAISLEY,STATE HOUSE,39,OFFICE EXPENSES,4200.89
COLORADO,MARK A. BAISLEY,STATE HOUSE,39,GENERAL OPERATIONS & SUPPLIES,3572.6400000000003
COLORADO,MARK A. BAISLEY,STATE HOUSE,39,LEGAL SERVICES,2542.26
COLORADO,MARK A. BAISLEY,STATE HOUSE,39,TRAVEL & LODGING,2246.82
COLORADO,MARK A. BAISLEY,STATE HOUSE,39,CONTRIBUTION & DONATION,2081.23
COLORADO,MARK A. BAISLEY,STATE HOUSE,39,MEDIA & ADS,1587.85
COLORADO,MARK A. BAISLEY,STATE HOUSE,39,CAMPAIGN CONSULTING,1500.0
COLORADO,MARK A. BAISLEY,STATE HOUSE,39,EVENT EXPENSES,1454.07
COLORADO,MARK A. BAISLEY,STATE HOUSE,39,MEALS & CATERING,1405.33
COLORADO,MARK A. BAISLEY,STATE HOUSE,39,SOFTWARE & TECHNOLOGY,1370.0900000000001
COLORADO,TRACEY BERNETT,STATE HOUSE,12,CAMPAIGN CONSULTING,17310.57
COLORADO,TRACEY BERNETT,STATE HOUSE,12,MEDIA & ADS,8179.62
COLORADO,TRACEY BERNETT,STATE HOUSE,12,GENERAL OPERATIONS & SUPPLIES,7619.2
COLORADO,TRACEY BERNETT,STATE HOUSE,12,DIGITAL ADVERTISING,3684.9899999999993
COLORADO,TRACEY BERNETT,STATE HOUSE,12,PRINTING,2175.33
COLORADO,TRACEY BERNETT,STATE HOUSE,12,CONTRIBUTION & DONATION,2086.94
COLORADO,TRACEY BERNETT,STATE HOUSE,12,CREDIT CARD PROCESSING FEES,2020.3600000000001
COLORADO,TRACEY BERNETT,STATE HOUSE,12,MEALS & CATERING,680.4999999999998
COLORADO,TRACEY BERNETT,STATE HOUSE,12,OFFICE EXPENSES,623.38
COLORADO,TRACEY BERNETT,STATE HOUSE,12,SOFTWARE & TECHNOLOGY,503.56
COLORADO,MEG FROELICH,STATE HOUSE,3,CAMPAIGN CONSULTING,43852.630000000005
COLORADO,MEG FROELICH,STATE HOUSE,3,SALARY & PAYROLL,25473.960000000003
COLORADO,MEG FROELICH,STATE HOUSE,3,PRINTING,16873.9
COLORADO,MEG FROELICH,STATE HOUSE,3,GENERAL OPERATIONS & SUPPLIES,9828.6
COLORADO,MEG FROELICH,STATE HOUSE,3,OFFICE EXPENSES,2290.82
COLORADO,MEG FROELICH,STATE HOUSE,3,CREDIT CARD PROCESSING FEES,2265.2599999999998
COLORADO,MEG FROELICH,STATE HOUSE,3,SHIPPING & POSTAGE,1250.72
COLORADO,MEG FROELICH,STATE HOUSE,3,CAMPAIGN SIGNS & PARAPHERNALIA,1222.65
COLORADO,MEG FROELICH,STATE HOUSE,3,WEBSITE SERVICES,679.5
COLORADO,MEG FROELICH,STATE HOUSE,3,SOFTWARE & TECHNOLOGY,509.53
COLORADO,SHANNON BIRD,STATE HOUSE,35,CAMPAIGN CONSULTING,42520.93
COLORADO,SHANNON BIRD,STATE HOUSE,35,SALARY & PAYROLL,15059.39
COLORADO,SHANNON BIRD,STATE HOUSE,35,PRINTING,5699.89
COLORADO,SHANNON BIRD,STATE HOUSE,35,MEDIA & ADS,5539.61
COLORADO,SHANNON BIRD,STATE HOUSE,35,WEBSITE SERVICES,2967.88
COLORADO,SHANNON BIRD,STATE HOUSE,35,TRAVEL & LODGING,1978.27
COLORADO,SHANNON BIRD,STATE HOUSE,35,CREDIT CARD PROCESSING FEES,1671.4200000000003
COLORADO,SHANNON BIRD,STATE HOUSE,35,CREDIT CARD PAYMENT & BANK FEES,1586.18
COLORADO,SHANNON BIRD,STATE HOUSE,35,TAXES,1172.46
COLORADO,SHANNON BIRD,STATE HOUSE,35,PAYROLL TAX,235.03000000000003
COLORADO,TAMMY STORY,STATE SENATE,16,MEDIA & ADS,266650.07
COLORADO,TAMMY STORY,STATE SENATE,16,TAXES,74834.31000000001
COLORADO,TAMMY STORY,STATE SENATE,16,DIGITAL ADVERTISING,41840.659999999996
COLORADO,TAMMY STORY,STATE SENATE,16,GENERAL OPERATIONS & SUPPLIES,34359.7
COLORADO,TAMMY STORY,STATE SENATE,16,MEALS & CATERING,31109.73
COLORADO,TAMMY STORY,STATE SENATE,16,CREDIT CARD PROCESSING FEES,12988.14
COLORADO,TAMMY STORY,STATE SENATE,16,PRINTING,12227.79
COLORADO,TAMMY STORY,STATE SENATE,16,CONTRIBUTION & DONATION,6325.0
COLORADO,TAMMY STORY,STATE SENATE,16,SHIPPING & POSTAGE,5298.47
COLORADO,TAMMY STORY,STATE SENATE,16,OFFICE EXPENSES,4310.419999999999
COLORADO,JARED S. POLIS,GOVERNOR,,MEDIA & ADS,15347332.31
COLORADO,JARED S. POLIS,GOVERNOR,,"PR, COMMUNICATIONS, & MARKETING",2603323.3000000003
COLORADO,JARED S. POLIS,GOVERNOR,,CAMPAIGN CONSULTING,2156612.66
COLORADO,JARED S. POLIS,GOVERNOR,,SALARY & PAYROLL,1975145.73
COLORADO,JARED S. POLIS,GOVERNOR,,PAYROLL TAX,786374.6900000001
COLORADO,JARED S. POLIS,GOVERNOR,,OFFICE EXPENSES,559421.13
COLORADO,JARED S. POLIS,GOVERNOR,,POLLING & RESEARCH,321654.0
COLORADO,JARED S. POLIS,GOVERNOR,,TRAVEL & LODGING,261375.72999999998
COLORADO,JARED S. POLIS,GOVERNOR,,LEGAL SERVICES,94204.06999999999
COLORADO,JARED S. POLIS,GOVERNOR,,COMPLIANCE SERVICES,90000.0
COLORADO,IMAN JODEH,STATE HOUSE,41,CAMPAIGN CONSULTING,25847.5
COLORADO,IMAN JODEH,STATE HOUSE,41,MEDIA & ADS,12442.189999999999
COLORADO,IMAN JODEH,STATE HOUSE,41,GENERAL OPERATIONS & SUPPLIES,6011.9400000000005
COLORADO,IMAN JODEH,STATE HOUSE,41,PRINTING,5979.7699999999995
COLORADO,IMAN JODEH,STATE HOUSE,41,SOFTWARE & TECHNOLOGY,5000.0
COLORADO,IMAN JODEH,STATE HOUSE,41,CREDIT CARD PROCESSING FEES,2235.5099999999998
COLORADO,IMAN JODEH,STATE HOUSE,41,CREDIT CARD PAYMENT & BANK FEES,1711.3
COLORADO,IMAN JODEH,STATE HOUSE,41,SHIPPING & POSTAGE,1443.8100000000002
COLORADO,IMAN JODEH,STATE HOUSE,41,OFFICE EXPENSES,908.85
COLORADO,IMAN JODEH,STATE HOUSE,41,LEGAL SERVICES,865.0
COLORADO,MATT SOPER,STATE HOUSE,54,MEDIA & ADS,8609.3
COLORADO,MATT SOPER,STATE HOUSE,54,CONTRIBUTION & DONATION,2320.0
COLORADO,MATT SOPER,STATE HOUSE,54,GENERAL OPERATIONS & SUPPLIES,1636.2
COLORADO,MATT SOPER,STATE HOUSE,54,DIGITAL ADVERTISING,1031.8200000000002
COLORADO,MATT SOPER,STATE HOUSE,54,EVENT EXPENSES,450.0
COLORADO,MATT SOPER,STATE HOUSE,54,MEALS & CATERING,442.49000000000007
COLORADO,MATT SOPER,STATE HOUSE,54,WEBSITE SERVICES,432.85
COLORADO,MATT SOPER,STATE HOUSE,54,OFFICE EXPENSES,312.71000000000004
COLORADO,MATT SOPER,STATE HOUSE,54,CREDIT CARD PROCESSING FEES,305.02
COLORADO,MATT SOPER,STATE HOUSE,54,SHIPPING & POSTAGE,292.1
COLORADO,ANDREW BOESENECKER,STATE HOUSE,53,GENERAL OPERATIONS & SUPPLIES,35.0
COLORADO,ANDREW BOESENECKER,STATE HOUSE,53,0,0.0
COLORADO,ANDREW BOESENECKER,STATE HOUSE,53,0,0.0
COLORADO,ANDREW BOESENECKER,STATE HOUSE,53,0,0.0
COLORADO,ANDREW BOESENECKER,STATE HOUSE,53,0,0.0
COLORADO,ANDREW BOESENECKER,STATE HOUSE,53,0,0.0
COLORADO,ANDREW BOESENECKER,STATE HOUSE,53,0,0.0
COLORADO,ANDREW BOESENECKER,STATE HOUSE,53,0,0.0
COLORADO,ANDREW BOESENECKER,STATE HOUSE,53,0,0.0
COLORADO,ANDREW BOESENECKER,STATE HOUSE,53,0,0.0
COLORADO,JENNIFER BACON,STATE HOUSE,7,SALARY & PAYROLL,10337.6
COLORADO,JENNIFER BACON,STATE HOUSE,7,GENERAL OPERATIONS & SUPPLIES,7968.88
COLORADO,JENNIFER BACON,STATE HOUSE,7,CREDIT CARD PAYMENT & BANK FEES,5012.0
COLORADO,JENNIFER BACON,STATE HOUSE,7,PRINTING,3562.4700000000003
COLORADO,JENNIFER BACON,STATE HOUSE,7,CAMPAIGN CONSULTING,3500.0
COLORADO,JENNIFER BACON,STATE HOUSE,7,CONTRIBUTION & DONATION,2500.0
COLORADO,JENNIFER BACON,STATE HOUSE,7,WEBSITE SERVICES,431.46000000000004
COLORADO,JENNIFER BACON,STATE HOUSE,7,CREDIT CARD PROCESSING FEES,367.43
COLORADO,JENNIFER BACON,STATE HOUSE,7,MEDIA & ADS,365.27
COLORADO,JENNIFER BACON,STATE HOUSE,7,SHIPPING & POSTAGE,353.48
COLORADO,SONYA JAQUEZ LEWIS,STATE SENATE,17,CAMPAIGN CONSULTING,5630.77
COLORADO,SONYA JAQUEZ LEWIS,STATE SENATE,17,MEALS & CATERING,606.4100000000001
COLORADO,SONYA JAQUEZ LEWIS,STATE SENATE,17,PRINTING,469.28
COLORADO,SONYA JAQUEZ LEWIS,STATE SENATE,17,POLITICAL FUNDS & GROUPS,421.62
COLORADO,SONYA JAQUEZ LEWIS,STATE SENATE,17,SHIPPING & POSTAGE,337.66
COLORADO,SONYA JAQUEZ LEWIS,STATE SENATE,17,GENERAL OPERATIONS & SUPPLIES,237.38
COLORADO,SONYA JAQUEZ LEWIS,STATE SENATE,17,MEDIA & ADS,225.0
COLORADO,SONYA JAQUEZ LEWIS,STATE SENATE,17,TRAVEL & LODGING,213.54
COLORADO,SONYA JAQUEZ LEWIS,STATE SENATE,17,OFFICE EXPENSES,166.95
COLORADO,SONYA JAQUEZ LEWIS,STATE SENATE,17,FUEL & GAS,104.88
COLORADO,ADRIENNE BENAVIDEZ,STATE HOUSE,32,PRINTING,5850.0
COLORADO,ADRIENNE BENAVIDEZ,STATE HOUSE,32,MEALS & CATERING,2000.0
COLORADO,ADRIENNE BENAVIDEZ,STATE HOUSE,32,CONTRIBUTION & DONATION,900.51
COLORADO,ADRIENNE BENAVIDEZ,STATE HOUSE,32,MEDIA & ADS,300.0
COLORADO,ADRIENNE BENAVIDEZ,STATE HOUSE,32,CREDIT CARD PAYMENT & BANK FEES,260.0
COLORADO,ADRIENNE BENAVIDEZ,STATE HOUSE,32,GENERAL OPERATIONS & SUPPLIES,101.83
COLORADO,ADRIENNE BENAVIDEZ,STATE HOUSE,32,CANDIDATE FILING & BALLOT FEES,50.0
COLORADO,ADRIENNE BENAVIDEZ,STATE HOUSE,32,CREDIT CARD PROCESSING FEES,33.88
COLORADO,ADRIENNE BENAVIDEZ,STATE HOUSE,32,CAMPAIGN SIGNS & PARAPHERNALIA,10.0
COLORADO,ADRIENNE BENAVIDEZ,STATE HOUSE,32,0,0.0
COLORADO,PAUL LUNDEEN,STATE SENATE,9,CAMPAIGN CONSULTING,7567.5
COLORADO,PAUL LUNDEEN,STATE SENATE,9,CANVASSING & FIELD WORK,5381.68
COLORADO,PAUL LUNDEEN,STATE SENATE,9,PRINTING,3955.58
COLORADO,PAUL LUNDEEN,STATE SENATE,9,GENERAL OPERATIONS & SUPPLIES,3825.7300000000005
COLORADO,PAUL LUNDEEN,STATE SENATE,9,EVENT EXPENSES,2801.39
COLORADO,PAUL LUNDEEN,STATE SENATE,9,MEALS & CATERING,2372.44
COLORADO,PAUL LUNDEEN,STATE SENATE,9,CAMPAIGN SIGNS & PARAPHERNALIA,2275.12
COLORADO,PAUL LUNDEEN,STATE SENATE,9,TRAVEL & LODGING,1809.33
COLORADO,PAUL LUNDEEN,STATE SENATE,9,ACCOUNTING & FINANCIAL MANAGEMENT,1627.95
COLORADO,PAUL LUNDEEN,STATE SENATE,9,SOFTWARE & TECHNOLOGY,1189.07
COLORADO,DOMINIQUE JACKSON,STATE HOUSE,42,TRAVEL & LODGING,7506.01
COLORADO,DOMINIQUE JACKSON,STATE HOUSE,42,MEDIA & ADS,6159.99
COLORADO,DOMINIQUE JACKSON,STATE HOUSE,42,SOFTWARE & TECHNOLOGY,4644.049999999999
COLORADO,DOMINIQUE JACKSON,STATE HOUSE,42,OFFICE EXPENSES,2699.8199999999997
COLORADO,DOMINIQUE JACKSON,STATE HOUSE,42,GENERAL OPERATIONS & SUPPLIES,1190.34
COLORADO,DOMINIQUE JACKSON,STATE HOUSE,42,CONTRIBUTION & DONATION,1003.58
COLORADO,DOMINIQUE JACKSON,STATE HOUSE,42,MEALS & CATERING,942.97
COLORADO,DOMINIQUE JACKSON,STATE HOUSE,42,WEBSITE SERVICES,664.6600000000001
COLORADO,DOMINIQUE JACKSON,STATE HOUSE,42,PRINTING,581.8
COLORADO,DOMINIQUE JACKSON,STATE HOUSE,42,UTILITIES,298.0
COLORADO,ROD BOCKENFELD,STATE HOUSE,56,0,0.0
COLORADO,ROD BOCKENFELD,STATE HOUSE,56,0,0.0
COLORADO,ROD BOCKENFELD,STATE HOUSE,56,0,0.0
COLORADO,ROD BOCKENFELD,STATE HOUSE,56,0,0.0
COLORADO,ROD BOCKENFELD,STATE HOUSE,56,0,0.0
COLORADO,ROD BOCKENFELD,STATE HOUSE,56,0,0.0
COLORADO,ROD BOCKENFELD,STATE HOUSE,56,0,0.0
COLORADO,ROD BOCKENFELD,STATE HOUSE,56,0,0.0
COLORADO,ROD BOCKENFELD,STATE HOUSE,56,0,0.0
COLORADO,ROD BOCKENFELD,STATE HOUSE,56,0,0.0
COLORADO,BRIANNA TITONE,STATE HOUSE,27,CAMPAIGN CONSULTING,117144.67000000001
COLORADO,BRIANNA TITONE,STATE HOUSE,27,SALARY & PAYROLL,46365.78
COLORADO,BRIANNA TITONE,STATE HOUSE,27,PRINTING,5146.45
COLORADO,BRIANNA TITONE,STATE HOUSE,27,DIGITAL ADVERTISING,4123.329999999999
COLORADO,BRIANNA TITONE,STATE HOUSE,27,CREDIT CARD PROCESSING FEES,2901.66
COLORADO,BRIANNA TITONE,STATE HOUSE,27,OFFICE EXPENSES,2730.45
COLORADO,BRIANNA TITONE,STATE HOUSE,27,MEDIA & ADS,2474.8
COLORADO,BRIANNA TITONE,STATE HOUSE,27,CONTRIBUTION & DONATION,2283.0
COLORADO,BRIANNA TITONE,STATE HOUSE,27,MEALS & CATERING,1926.5700000000002
COLORADO,BRIANNA TITONE,STATE HOUSE,27,TRAVEL & LODGING,1573.95
COLORADO,MATT GRAY,STATE HOUSE,33,CAMPAIGN CONSULTING,47982.51
COLORADO,MATT GRAY,STATE HOUSE,33,GENERAL OPERATIONS & SUPPLIES,21887.750000000004
COLORADO,MATT GRAY,STATE HOUSE,33,CREDIT CARD PAYMENT & BANK FEES,11875.16
COLORADO,MATT GRAY,STATE HOUSE,33,SOFTWARE & TECHNOLOGY,758.8700000000001
COLORADO,MATT GRAY,STATE HOUSE,33,CREDIT CARD PROCESSING FEES,724.28
COLORADO,MATT GRAY,STATE HOUSE,33,POLITICAL FUNDS & GROUPS,583.0
COLORADO,MATT GRAY,STATE HOUSE,33,INSURANCE,186.0
COLORADO,MATT GRAY,STATE HOUSE,33,EVENT EXPENSES,170.0
COLORADO,MATT GRAY,STATE HOUSE,33,MEDIA & ADS,149.0
COLORADO,MATT GRAY,STATE HOUSE,33,"PR, COMMUNICATIONS, & MARKETING",149.0
COLORADO,KYLE MULLICA,STATE HOUSE,34,DIRECT MAIL,32207.0
COLORADO,KYLE MULLICA,STATE HOUSE,34,SALARY & PAYROLL,16826.88
COLORADO,KYLE MULLICA,STATE HOUSE,34,CAMPAIGN CONSULTING,10140.0
COLORADO,KYLE MULLICA,STATE HOUSE,34,PRINTING,5967.85
COLORADO,KYLE MULLICA,STATE HOUSE,34,PAYROLL TAX,5169.18
COLORADO,KYLE MULLICA,STATE HOUSE,34,GENERAL OPERATIONS & SUPPLIES,3596.77
COLORADO,KYLE MULLICA,STATE HOUSE,34,MEDIA & ADS,3152.0699999999997
COLORADO,KYLE MULLICA,STATE HOUSE,34,SHIPPING & POSTAGE,1684.75
COLORADO,KYLE MULLICA,STATE HOUSE,34,CREDIT CARD PROCESSING FEES,583.42
COLORADO,KYLE MULLICA,STATE HOUSE,34,SALARY & PAYROLL PROCESSING FEE,360.85
COLORADO,STEPHEN FENBERG,STATE SENATE,18,SOFTWARE & TECHNOLOGY,4843.73
COLORADO,STEPHEN FENBERG,STATE SENATE,18,PRINTING,3350.0
COLORADO,STEPHEN FENBERG,STATE SENATE,18,MEALS & CATERING,2757.4900000000002
COLORADO,STEPHEN FENBERG,STATE SENATE,18,TRAVEL & LODGING,2448.39
COLORADO,STEPHEN FENBERG,STATE SENATE,18,DIGITAL ADVERTISING,1379.4499999999998
COLORADO,STEPHEN FENBERG,STATE SENATE,18,GENERAL OPERATIONS & SUPPLIES,890.2600000000001
COLORADO,STEPHEN FENBERG,STATE SENATE,18,CREDIT CARD PAYMENT & BANK FEES,597.0
COLORADO,STEPHEN FENBERG,STATE SENATE,18,CAMPAIGN CONSULTING,440.06
COLORADO,STEPHEN FENBERG,STATE SENATE,18,WEBSITE SERVICES,279.73
COLORADO,STEPHEN FENBERG,STATE SENATE,18,CREDIT CARD PROCESSING FEES,274.81000000000006
COLORADO,ALEX VALDEZ,STATE HOUSE,5,CAMPAIGN CONSULTING,7209.0
COLORADO,ALEX VALDEZ,STATE HOUSE,5,PRINTING,2129.8499999999995
COLORADO,ALEX VALDEZ,STATE HOUSE,5,OFFICE EXPENSES,1941.9
COLORADO,ALEX VALDEZ,STATE HOUSE,5,CONTRIBUTION & DONATION,550.0
COLORADO,ALEX VALDEZ,STATE HOUSE,5,SOFTWARE & TECHNOLOGY,479.89
COLORADO,ALEX VALDEZ,STATE HOUSE,5,CREDIT CARD PROCESSING FEES,362.57
COLORADO,ALEX VALDEZ,STATE HOUSE,5,DIGITAL ADVERTISING,243.86
COLORADO,ALEX VALDEZ,STATE HOUSE,5,EVENT EXPENSES,175.0
COLORADO,ALEX VALDEZ,STATE HOUSE,5,MEALS & CATERING,154.94
COLORADO,ALEX VALDEZ,STATE HOUSE,5,CREDIT CARD PAYMENT & BANK FEES,138.0
COLORADO,KERRY TIPPER,STATE HOUSE,28,DIRECT MAIL,44135.82
COLORADO,KERRY TIPPER,STATE HOUSE,28,CAMPAIGN CONSULTING,17149.0
COLORADO,KERRY TIPPER,STATE HOUSE,28,GENERAL OPERATIONS & SUPPLIES,6007.73
COLORADO,KERRY TIPPER,STATE HOUSE,28,PRINTING,3554.36
COLORADO,KERRY TIPPER,STATE HOUSE,28,SALARY & PAYROLL,3390.18
COLORADO,KERRY TIPPER,STATE HOUSE,28,CONTRIBUTION & DONATION,2406.34
COLORADO,KERRY TIPPER,STATE HOUSE,28,CREDIT CARD PROCESSING FEES,1520.26
COLORADO,KERRY TIPPER,STATE HOUSE,28,OFFICE EXPENSES,1399.1200000000003
COLORADO,KERRY TIPPER,STATE HOUSE,28,SOFTWARE & TECHNOLOGY,1348.45
COLORADO,KERRY TIPPER,STATE HOUSE,28,MEALS & CATERING,639.32
COLORADO,PERRY WILL,STATE HOUSE,57,MEDIA & ADS,30070.63
COLORADO,PERRY WILL,STATE HOUSE,57,"PR, COMMUNICATIONS, & MARKETING",5846.9
COLORADO,PERRY WILL,STATE HOUSE,57,CREDIT CARD PAYMENT & BANK FEES,1000.0
COLORADO,PERRY WILL,STATE HOUSE,57,WEBSITE SERVICES,964.0
COLORADO,PERRY WILL,STATE HOUSE,57,CAMPAIGN CONSULTING,500.0
COLORADO,PERRY WILL,STATE HOUSE,57,CAMPAIGN SIGNS & PARAPHERNALIA,500.0
COLORADO,PERRY WILL,STATE HOUSE,57,OFFICE EXPENSES,330.08
COLORADO,PERRY WILL,STATE HOUSE,57,CANVASSING & FIELD WORK,310.2
COLORADO,PERRY WILL,STATE HOUSE,57,SHIPPING & POSTAGE,237.15
COLORADO,PERRY WILL,STATE HOUSE,57,TRAVEL & LODGING,200.86
COLORADO,SERENA GONZALES-GUTIERREZ,STATE HOUSE,4,PRINTING,7846.99
COLORADO,SERENA GONZALES-GUTIERREZ,STATE HOUSE,4,MEALS & CATERING,4137.2
COLORADO,SERENA GONZALES-GUTIERREZ,STATE HOUSE,4,TRAVEL & LODGING,3427.17
COLORADO,SERENA GONZALES-GUTIERREZ,STATE HOUSE,4,CAMPAIGN CONSULTING,2321.41
COLORADO,SERENA GONZALES-GUTIERREZ,STATE HOUSE,4,SOFTWARE & TECHNOLOGY,1720.27
COLORADO,SERENA GONZALES-GUTIERREZ,STATE HOUSE,4,CONTRIBUTION & DONATION,1667.52
COLORADO,SERENA GONZALES-GUTIERREZ,STATE HOUSE,4,OFFICE EXPENSES,1012.9099999999999
COLORADO,SERENA GONZALES-GUTIERREZ,STATE HOUSE,4,GENERAL OPERATIONS & SUPPLIES,791.76
COLORADO,SERENA GONZALES-GUTIERREZ,STATE HOUSE,4,POLITICAL FUNDS & GROUPS,500.0
COLORADO,SERENA GONZALES-GUTIERREZ,STATE HOUSE,4,CREDIT CARD PROCESSING FEES,211.65999999999997
COLORADO,BARBARA HALL MCLACHLAN,STATE HOUSE,59,CAMPAIGN CONSULTING,79209.44
COLORADO,BARBARA HALL MCLACHLAN,STATE HOUSE,59,SALARY & PAYROLL,28486.8
COLORADO,BARBARA HALL MCLACHLAN,STATE HOUSE,59,MEDIA & ADS,17750.38
COLORADO,BARBARA HALL MCLACHLAN,STATE HOUSE,59,PRINTING,3611.12
COLORADO,BARBARA HALL MCLACHLAN,STATE HOUSE,59,GENERAL OPERATIONS & SUPPLIES,2844.0
COLORADO,BARBARA HALL MCLACHLAN,STATE HOUSE,59,CREDIT CARD PROCESSING FEES,2075.39
COLORADO,BARBARA HALL MCLACHLAN,STATE HOUSE,59,OFFICE EXPENSES,1924.75
COLORADO,BARBARA HALL MCLACHLAN,STATE HOUSE,59,UTILITIES,502.63
COLORADO,BARBARA HALL MCLACHLAN,STATE HOUSE,59,MEALS & CATERING,456.85
COLORADO,BARBARA HALL MCLACHLAN,STATE HOUSE,59,DIGITAL ADVERTISING,395.52
COLORADO,JUDY AMABILE,STATE HOUSE,13,CAMPAIGN CONSULTING,33810.0
COLORADO,JUDY AMABILE,STATE HOUSE,13,CAMPAIGN SIGNS & PARAPHERNALIA,27390.22
COLORADO,JUDY AMABILE,STATE HOUSE,13,MEDIA & ADS,12919.35
COLORADO,JUDY AMABILE,STATE HOUSE,13,PRINTING,6772.719999999999
COLORADO,JUDY AMABILE,STATE HOUSE,13,SOFTWARE & TECHNOLOGY,4605.53
COLORADO,JUDY AMABILE,STATE HOUSE,13,CREDIT CARD PROCESSING FEES,2050.43
COLORADO,JUDY AMABILE,STATE HOUSE,13,FUNDRAISING & FUNDRAISING CONSULTING,2006.0000000000002
COLORADO,JUDY AMABILE,STATE HOUSE,13,SHIPPING & POSTAGE,1113.6
COLORADO,JUDY AMABILE,STATE HOUSE,13,OFFICE EXPENSES,993.9499999999999
COLORADO,JUDY AMABILE,STATE HOUSE,13,TRAVEL & LODGING,870.64
COLORADO,MARY BRADFIELD,STATE HOUSE,21,PRINTING,10457.35
COLORADO,MARY BRADFIELD,STATE HOUSE,21,DIGITAL ADVERTISING,6000.0
COLORADO,MARY BRADFIELD,STATE HOUSE,21,CAMPAIGN CONSULTING,4000.0
COLORADO,MARY BRADFIELD,STATE HOUSE,21,MEDIA & ADS,3375.73
COLORADO,MARY BRADFIELD,STATE HOUSE,21,SALARY & PAYROLL,3364.73
COLORADO,MARY BRADFIELD,STATE HOUSE,21,CANVASSING & FIELD WORK,1353.42
COLORADO,MARY BRADFIELD,STATE HOUSE,21,CONTRIBUTION & DONATION,400.0
COLORADO,MARY BRADFIELD,STATE HOUSE,21,CREDIT CARD PROCESSING FEES,255.1100000000001
COLORADO,MARY BRADFIELD,STATE HOUSE,21,MEALS & CATERING,195.18
COLORADO,MARY BRADFIELD,STATE HOUSE,21,OFFICE EXPENSES,137.5
COLORADO,ROB WOODWARD,STATE SENATE,15,CAMPAIGN CONSULTING,34399.08
COLORADO,ROB WOODWARD,STATE SENATE,15,PRINTING,24183.33
COLORADO,ROB WOODWARD,STATE SENATE,15,"PR, COMMUNICATIONS, & MARKETING",16659.64
COLORADO,ROB WOODWARD,STATE SENATE,15,MEDIA & ADS,15631.12
COLORADO,ROB WOODWARD,STATE SENATE,15,FUNDRAISING & FUNDRAISING CONSULTING,15542.650000000001
COLORADO,ROB WOODWARD,STATE SENATE,15,POLLING & RESEARCH,8000.0
COLORADO,ROB WOODWARD,STATE SENATE,15,CREDIT CARD PROCESSING FEES,7733.87
COLORADO,ROB WOODWARD,STATE SENATE,15,ACCOUNTING & FINANCIAL MANAGEMENT,5246.97
COLORADO,ROB WOODWARD,STATE SENATE,15,FUEL & GAS,2724.94
COLORADO,ROB WOODWARD,STATE SENATE,15,OFFICE EXPENSES,2624.6099999999997
COLORADO,TONYA VAN BEBER,STATE HOUSE,48,MEDIA & ADS,17157.06
COLORADO,TONYA VAN BEBER,STATE HOUSE,48,CAMPAIGN SIGNS & PARAPHERNALIA,14045.0
COLORADO,TONYA VAN BEBER,STATE HOUSE,48,CAMPAIGN CONSULTING,13489.63
COLORADO,TONYA VAN BEBER,STATE HOUSE,48,MEALS & CATERING,3336.99
COLORADO,TONYA VAN BEBER,STATE HOUSE,48,EVENT EXPENSES,2376.28
COLORADO,TONYA VAN BEBER,STATE HOUSE,48,PRINTING,1221.02
COLORADO,TONYA VAN BEBER,STATE HOUSE,48,OFFICE EXPENSES,1218.78
COLORADO,TONYA VAN BEBER,STATE HOUSE,48,"PR, COMMUNICATIONS, & MARKETING",1027.66
COLORADO,TONYA VAN BEBER,STATE HOUSE,48,DIGITAL ADVERTISING,831.65
COLORADO,TONYA VAN BEBER,STATE HOUSE,48,CONTRIBUTION & DONATION,697.83
COLORADO,MONICA DURAN,STATE HOUSE,24,MEDIA & ADS,18478.03
COLORADO,MONICA DURAN,STATE HOUSE,24,CAMPAIGN CONSULTING,13112.42
COLORADO,MONICA DURAN,STATE HOUSE,24,OFFICE EXPENSES,4524.8499999999985
COLORADO,MONICA DURAN,STATE HOUSE,24,PRINTING,3940.85
COLORADO,MONICA DURAN,STATE HOUSE,24,DIGITAL ADVERTISING,2708.3700000000003
COLORADO,MONICA DURAN,STATE HOUSE,24,CANVASSING & FIELD WORK,2475.0
COLORADO,MONICA DURAN,STATE HOUSE,24,GENERAL OPERATIONS & SUPPLIES,2302.89
COLORADO,MONICA DURAN,STATE HOUSE,24,COMPLIANCE SERVICES,1775.0
COLORADO,MONICA DURAN,STATE HOUSE,24,SOFTWARE & TECHNOLOGY,1730.07
COLORADO,MONICA DURAN,STATE HOUSE,24,TRAVEL & LODGING,1678.63
COLORADO,RAY SCOTT,STATE SENATE,7,0,0.0
COLORADO,RAY SCOTT,STATE SENATE,7,0,0.0
COLORADO,RAY SCOTT,STATE SENATE,7,0,0.0
COLORADO,RAY SCOTT,STATE SENATE,7,0,0.0
COLORADO,RAY SCOTT,STATE SENATE,7,0,0.0
COLORADO,RAY SCOTT,STATE SENATE,7,0,0.0
COLORADO,RAY SCOTT,STATE SENATE,7,0,0.0
COLORADO,RAY SCOTT,STATE SENATE,7,0,0.0
COLORADO,RAY SCOTT,STATE SENATE,7,0,0.0
COLORADO,RAY SCOTT,STATE SENATE,7,0,0.0
COLORADO,DANEYA LEIGH ESGAR,STATE HOUSE,46,CAMPAIGN CONSULTING,58707.0
COLORADO,DANEYA LEIGH ESGAR,STATE HOUSE,46,MEDIA & ADS,9875.01
COLORADO,DANEYA LEIGH ESGAR,STATE HOUSE,46,GENERAL OPERATIONS & SUPPLIES,2306.2
COLORADO,DANEYA LEIGH ESGAR,STATE HOUSE,46,MEALS & CATERING,2140.98
COLORADO,DANEYA LEIGH ESGAR,STATE HOUSE,46,PRINTING,2015.0
COLORADO,DANEYA LEIGH ESGAR,STATE HOUSE,46,SOFTWARE & TECHNOLOGY,1676.0
COLORADO,DANEYA LEIGH ESGAR,STATE HOUSE,46,CAMPAIGN SIGNS & PARAPHERNALIA,1507.05
COLORADO,DANEYA LEIGH ESGAR,STATE HOUSE,46,TRAVEL & LODGING,1216.8
COLORADO,DANEYA LEIGH ESGAR,STATE HOUSE,46,CREDIT CARD PROCESSING FEES,1022.6300000000001
COLORADO,DANEYA LEIGH ESGAR,STATE HOUSE,46,POLLING & RESEARCH,500.0
COLORADO,DIANNE I. PRIMAVERA,LIEUTENANT GOVERNOR,,0,0.0
COLORADO,DIANNE I. PRIMAVERA,LIEUTENANT GOVERNOR,,0,0.0
COLORADO,DIANNE I. PRIMAVERA,LIEUTENANT GOVERNOR,,0,0.0
COLORADO,DIANNE I. PRIMAVERA,LIEUTENANT GOVERNOR,,0,0.0
COLORADO,DIANNE I. PRIMAVERA,LIEUTENANT GOVERNOR,,0,0.0
COLORADO,DIANNE I. PRIMAVERA,LIEUTENANT GOVERNOR,,0,0.0
COLORADO,DIANNE I. PRIMAVERA,LIEUTENANT GOVERNOR,,0,0.0
COLORADO,DIANNE I. PRIMAVERA,LIEUTENANT GOVERNOR,,0,0.0
COLORADO,DIANNE I. PRIMAVERA,LIEUTENANT GOVERNOR,,0,0.0
COLORADO,DIANNE I. PRIMAVERA,LIEUTENANT GOVERNOR,,0,0.0
COLORADO,KEVIN PRIOLA,STATE SENATE,25,MEDIA & ADS,52946.68
COLORADO,KEVIN PRIOLA,STATE SENATE,25,GENERAL OPERATIONS & SUPPLIES,15751.04
COLORADO,KEVIN PRIOLA,STATE SENATE,25,SHIPPING & POSTAGE,10830.0
COLORADO,KEVIN PRIOLA,STATE SENATE,25,CAMPAIGN CONSULTING,7460.6
COLORADO,KEVIN PRIOLA,STATE SENATE,25,MEALS & CATERING,4069.96
COLORADO,KEVIN PRIOLA,STATE SENATE,25,SOFTWARE & TECHNOLOGY,3957.04
COLORADO,KEVIN PRIOLA,STATE SENATE,25,CONTRIBUTION & DONATION,1648.0
COLORADO,KEVIN PRIOLA,STATE SENATE,25,TRAVEL & LODGING,1084.68
COLORADO,KEVIN PRIOLA,STATE SENATE,25,OFFICE EXPENSES,858.81
COLORADO,KEVIN PRIOLA,STATE SENATE,25,FUEL & GAS,381.85
COLORADO,SUSAN LONTINE,STATE HOUSE,1,TRAVEL & LODGING,4285.21
COLORADO,SUSAN LONTINE,STATE HOUSE,1,PRINTING,3306.23
COLORADO,SUSAN LONTINE,STATE HOUSE,1,SOFTWARE & TECHNOLOGY,2341.9900000000002
COLORADO,SUSAN LONTINE,STATE HOUSE,1,MEALS & CATERING,1934.5
COLORADO,SUSAN LONTINE,STATE HOUSE,1,GENERAL OPERATIONS & SUPPLIES,1210.61
COLORADO,SUSAN LONTINE,STATE HOUSE,1,CONTRIBUTION & DONATION,839.1
COLORADO,SUSAN LONTINE,STATE HOUSE,1,OFFICE EXPENSES,527.38
COLORADO,SUSAN LONTINE,STATE HOUSE,1,MEDIA & ADS,428.0
COLORADO,SUSAN LONTINE,STATE HOUSE,1,WEBSITE SERVICES,383.6
COLORADO,SUSAN LONTINE,STATE HOUSE,1,CAMPAIGN CONSULTING,300.0
COLORADO,DONALD E. VALDEZ,STATE HOUSE,62,MEDIA & ADS,15642.810000000001
COLORADO,DONALD E. VALDEZ,STATE HOUSE,62,CAMPAIGN CONSULTING,7601.0
COLORADO,DONALD E. VALDEZ,STATE HOUSE,62,SOFTWARE & TECHNOLOGY,140.62
COLORADO,DONALD E. VALDEZ,STATE HOUSE,62,0,0.0
COLORADO,DONALD E. VALDEZ,STATE HOUSE,62,0,0.0
COLORADO,DONALD E. VALDEZ,STATE HOUSE,62,0,0.0
COLORADO,DONALD E. VALDEZ,STATE HOUSE,62,0,0.0
COLORADO,DONALD E. VALDEZ,STATE HOUSE,62,0,0.0
COLORADO,DONALD E. VALDEZ,STATE HOUSE,62,0,0.0
COLORADO,DONALD E. VALDEZ,STATE HOUSE,62,0,0.0
COLORADO,MICHAEL LYNCH,STATE HOUSE,49,DIGITAL ADVERTISING,10662.32
COLORADO,MICHAEL LYNCH,STATE HOUSE,49,CAMPAIGN SIGNS & PARAPHERNALIA,8861.07
COLORADO,MICHAEL LYNCH,STATE HOUSE,49,MEDIA & ADS,4617.69
COLORADO,MICHAEL LYNCH,STATE HOUSE,49,ACCOUNTING & FINANCIAL MANAGEMENT,3043.95
COLORADO,MICHAEL LYNCH,STATE HOUSE,49,GENERAL OPERATIONS & SUPPLIES,2833.9100000000003
COLORADO,MICHAEL LYNCH,STATE HOUSE,49,PRINTING,2242.23
COLORADO,MICHAEL LYNCH,STATE HOUSE,49,CREDIT CARD PROCESSING FEES,1115.84
COLORADO,MICHAEL LYNCH,STATE HOUSE,49,MEALS & CATERING,915.66
COLORADO,MICHAEL LYNCH,STATE HOUSE,49,WEBSITE SERVICES,908.33
COLORADO,MICHAEL LYNCH,STATE HOUSE,49,SHIPPING & POSTAGE,714.47
COLORADO,JULIE GONZALES,STATE SENATE,34,CAMPAIGN CONSULTING,31056.690000000002
COLORADO,JULIE GONZALES,STATE SENATE,34,MEDIA & ADS,20236.030000000002
COLORADO,JULIE GONZALES,STATE SENATE,34,CANVASSING & FIELD WORK,9622.0
COLORADO,JULIE GONZALES,STATE SENATE,34,OFFICE EXPENSES,4796.15
COLORADO,JULIE GONZALES,STATE SENATE,34,"PR, COMMUNICATIONS, & MARKETING",3200.0
COLORADO,JULIE GONZALES,STATE SENATE,34,CREDIT CARD PROCESSING FEES,2640.62
COLORADO,JULIE GONZALES,STATE SENATE,34,CONTRIBUTION & DONATION,1600.0
COLORADO,JULIE GONZALES,STATE SENATE,34,MEALS & CATERING,1366.85
COLORADO,JULIE GONZALES,STATE SENATE,34,PRINTING,1305.3400000000001
COLORADO,JULIE GONZALES,STATE SENATE,34,GENERAL OPERATIONS & SUPPLIES,939.6200000000001
COLORADO,FAITH WINTER,STATE SENATE,24,MEDIA & ADS,169639.81
COLORADO,FAITH WINTER,STATE SENATE,24,SALARY & PAYROLL,90626.63
COLORADO,FAITH WINTER,STATE SENATE,24,CAMPAIGN CONSULTING,75600.0
COLORADO,FAITH WINTER,STATE SENATE,24,"PR, COMMUNICATIONS, & MARKETING",29995.0
COLORADO,FAITH WINTER,STATE SENATE,24,CANVASSING & FIELD WORK,19800.0
COLORADO,FAITH WINTER,STATE SENATE,24,PAYROLL TAX,16829.63
COLORADO,FAITH WINTER,STATE SENATE,24,SHIPPING & POSTAGE,13900.340000000002
COLORADO,FAITH WINTER,STATE SENATE,24,CREDIT CARD PROCESSING FEES,10247.33
COLORADO,FAITH WINTER,STATE SENATE,24,TRAVEL & LODGING,7502.87
COLORADO,FAITH WINTER,STATE SENATE,24,OFFICE EXPENSES,6111.07
COLORADO,TERRI CARVER,STATE HOUSE,20,MEDIA & ADS,36081.55
COLORADO,TERRI CARVER,STATE HOUSE,20,TRAVEL & LODGING,11539.119999999999
COLORADO,TERRI CARVER,STATE HOUSE,20,CAMPAIGN CONSULTING,6065.0
COLORADO,TERRI CARVER,STATE HOUSE,20,DIGITAL ADVERTISING,3000.0
COLORADO,TERRI CARVER,STATE HOUSE,20,CAMPAIGN SIGNS & PARAPHERNALIA,1478.02
COLORADO,TERRI CARVER,STATE HOUSE,20,CANVASSING & FIELD WORK,737.0
COLORADO,TERRI CARVER,STATE HOUSE,20,MEALS & CATERING,609.78
COLORADO,TERRI CARVER,STATE HOUSE,20,OFFICE EXPENSES,361.86
COLORADO,TERRI CARVER,STATE HOUSE,20,WEBSITE SERVICES,348.31
COLORADO,TERRI CARVER,STATE HOUSE,20,FUNDRAISING & FUNDRAISING CONSULTING,278.38
COLORADO,BARBARA J. KIRKMEYER,STATE SENATE,23,0,0.0
COLORADO,BARBARA J. KIRKMEYER,STATE SENATE,23,0,0.0
COLORADO,BARBARA J. KIRKMEYER,STATE SENATE,23,0,0.0
COLORADO,BARBARA J. KIRKMEYER,STATE SENATE,23,0,0.0
COLORADO,BARBARA J. KIRKMEYER,STATE SENATE,23,0,0.0
COLORADO,BARBARA J. KIRKMEYER,STATE SENATE,23,0,0.0
COLORADO,BARBARA J. KIRKMEYER,STATE SENATE,23,0,0.0
COLORADO,BARBARA J. KIRKMEYER,STATE SENATE,23,0,0.0
COLORADO,BARBARA J. KIRKMEYER,STATE SENATE,23,0,0.0
COLORADO,BARBARA J. KIRKMEYER,STATE SENATE,23,0,0.0
COLORADO,TIM GEITNER,STATE HOUSE,19,0,0.0
COLORADO,TIM GEITNER,STATE HOUSE,19,0,0.0
COLORADO,TIM GEITNER,STATE HOUSE,19,0,0.0
COLORADO,TIM GEITNER,STATE HOUSE,19,0,0.0
COLORADO,TIM GEITNER,STATE HOUSE,19,0,0.0
COLORADO,TIM GEITNER,STATE HOUSE,19,0,0.0
COLORADO,TIM GEITNER,STATE HOUSE,19,0,0.0
COLORADO,TIM GEITNER,STATE HOUSE,19,0,0.0
COLORADO,TIM GEITNER,STATE HOUSE,19,0,0.0
COLORADO,TIM GEITNER,STATE HOUSE,19,0,0.0
COLORADO,CATHY KIPP,STATE HOUSE,52,CAMPAIGN SIGNS & PARAPHERNALIA,18644.59
COLORADO,CATHY KIPP,STATE HOUSE,52,CANVASSING & FIELD WORK,8864.76
COLORADO,CATHY KIPP,STATE HOUSE,52,CAMPAIGN CONSULTING,5000.0
COLORADO,CATHY KIPP,STATE HOUSE,52,GENERAL OPERATIONS & SUPPLIES,5000.0
COLORADO,CATHY KIPP,STATE HOUSE,52,CONTRIBUTION & DONATION,4025.0
COLORADO,CATHY KIPP,STATE HOUSE,52,PRINTING,2057.53
COLORADO,CATHY KIPP,STATE HOUSE,52,MEDIA & ADS,2000.0
COLORADO,CATHY KIPP,STATE HOUSE,52,"PR, COMMUNICATIONS, & MARKETING",1071.54
COLORADO,CATHY KIPP,STATE HOUSE,52,CREDIT CARD PROCESSING FEES,796.3900000000001
COLORADO,CATHY KIPP,STATE HOUSE,52,TRAVEL & LODGING,715.69
COLORADO,JULIE MCCLUSKIE,STATE HOUSE,61,CAMPAIGN CONSULTING,36111.979999999996
COLORADO,JULIE MCCLUSKIE,STATE HOUSE,61,MEDIA & ADS,13822.699999999999
COLORADO,JULIE MCCLUSKIE,STATE HOUSE,61,PAYROLL TAX,7683.32
COLORADO,JULIE MCCLUSKIE,STATE HOUSE,61,CONTRIBUTION & DONATION,5350.0
COLORADO,JULIE MCCLUSKIE,STATE HOUSE,61,SALARY & PAYROLL,4937.139999999999
COLORADO,JULIE MCCLUSKIE,STATE HOUSE,61,GENERAL OPERATIONS & SUPPLIES,2612.56
COLORADO,JULIE MCCLUSKIE,STATE HOUSE,61,CREDIT CARD PROCESSING FEES,1456.16
COLORADO,JULIE MCCLUSKIE,STATE HOUSE,61,PRINTING,1419.3700000000001
COLORADO,JULIE MCCLUSKIE,STATE HOUSE,61,SALARY & PAYROLL PROCESSING FEE,1303.9399999999996
COLORADO,JULIE MCCLUSKIE,STATE HOUSE,61,"PR, COMMUNICATIONS, & MARKETING",1031.0700000000002
COLORADO,CHRIS KENNEDY,STATE HOUSE,23,0,0.0
COLORADO,CHRIS KENNEDY,STATE HOUSE,23,0,0.0
COLORADO,CHRIS KENNEDY,STATE HOUSE,23,0,0.0
COLORADO,CHRIS KENNEDY,STATE HOUSE,23,0,0.0
COLORADO,CHRIS KENNEDY,STATE HOUSE,23,0,0.0
COLORADO,CHRIS KENNEDY,STATE HOUSE,23,0,0.0
COLORADO,CHRIS KENNEDY,STATE HOUSE,23,0,0.0
COLORADO,CHRIS KENNEDY,STATE HOUSE,23,0,0.0
COLORADO,CHRIS KENNEDY,STATE HOUSE,23,0,0.0
COLORADO,CHRIS KENNEDY,STATE HOUSE,23,0,0.0
COLORADO,MARC CATLIN,STATE HOUSE,58,CAMPAIGN SIGNS & PARAPHERNALIA,19398.56
COLORADO,MARC CATLIN,STATE HOUSE,58,MEDIA & ADS,8451.039999999999
COLORADO,MARC CATLIN,STATE HOUSE,58,CAMPAIGN CONSULTING,5250.0
COLORADO,MARC CATLIN,STATE HOUSE,58,OFFICE EXPENSES,2706.46
COLORADO,MARC CATLIN,STATE HOUSE,58,CONTRIBUTION & DONATION,925.0
COLORADO,MARC CATLIN,STATE HOUSE,58,MEALS & CATERING,478.51
COLORADO,MARC CATLIN,STATE HOUSE,58,TRAVEL & LODGING,164.82
COLORADO,MARC CATLIN,STATE HOUSE,58,GENERAL OPERATIONS & SUPPLIES,134.87
COLORADO,MARC CATLIN,STATE HOUSE,58,CREDIT CARD PROCESSING FEES,90.71000000000001
COLORADO,MARC CATLIN,STATE HOUSE,58,0,0.0
COLORADO,CLEAVE SIMPSON,STATE SENATE,35,MEDIA & ADS,49299.93000000001
COLORADO,CLEAVE SIMPSON,STATE SENATE,35,DIGITAL ADVERTISING,42673.07
COLORADO,CLEAVE SIMPSON,STATE SENATE,35,POLLING & RESEARCH,4500.0
COLORADO,CLEAVE SIMPSON,STATE SENATE,35,CAMPAIGN SIGNS & PARAPHERNALIA,1600.0
COLORADO,CLEAVE SIMPSON,STATE SENATE,35,MEALS & CATERING,1000.0
COLORADO,CLEAVE SIMPSON,STATE SENATE,35,EVENT EXPENSES,645.0
COLORADO,CLEAVE SIMPSON,STATE SENATE,35,OFFICE EXPENSES,388.03
COLORADO,CLEAVE SIMPSON,STATE SENATE,35,CREDIT CARD PROCESSING FEES,384.11000000000007
COLORADO,CLEAVE SIMPSON,STATE SENATE,35,PRINTING,365.7
COLORADO,CLEAVE SIMPSON,STATE SENATE,35,TRAVEL & LODGING,262.7
COLORADO,ROD PELTON,STATE HOUSE,65,FUEL & GAS,7959.0
COLORADO,ROD PELTON,STATE HOUSE,65,TRAVEL & LODGING,3662.9300000000003
COLORADO,ROD PELTON,STATE HOUSE,65,MEDIA & ADS,1109.3800000000003
COLORADO,ROD PELTON,STATE HOUSE,65,SALARY & PAYROLL,949.3
COLORADO,ROD PELTON,STATE HOUSE,65,MEALS & CATERING,711.4699999999999
COLORADO,ROD PELTON,STATE HOUSE,65,CONTRIBUTION & DONATION,515.0
COLORADO,ROD PELTON,STATE HOUSE,65,GENERAL OPERATIONS & SUPPLIES,149.0
COLORADO,ROD PELTON,STATE HOUSE,65,OFFICE EXPENSES,140.5
COLORADO,ROD PELTON,STATE HOUSE,65,CAMPAIGN CONSULTING,100.0
COLORADO,ROD PELTON,STATE HOUSE,65,SHIPPING & POSTAGE,55.0
COLORADO,STEVEN WOODROW,STATE HOUSE,6,MEDIA & ADS,43999.939999999995
COLORADO,STEVEN WOODROW,STATE HOUSE,6,GENERAL OPERATIONS & SUPPLIES,42805.24
COLORADO,STEVEN WOODROW,STATE HOUSE,6,CAMPAIGN CONSULTING,32500.0
COLORADO,STEVEN WOODROW,STATE HOUSE,6,DIGITAL ADVERTISING,9637.690000000002
COLORADO,STEVEN WOODROW,STATE HOUSE,6,CREDIT CARD PROCESSING FEES,3649.24
COLORADO,STEVEN WOODROW,STATE HOUSE,6,MEALS & CATERING,2612.3700000000003
COLORADO,STEVEN WOODROW,STATE HOUSE,6,SHIPPING & POSTAGE,2313.6
COLORADO,STEVEN WOODROW,STATE HOUSE,6,CREDIT CARD PAYMENT & BANK FEES,1485.22
COLORADO,STEVEN WOODROW,STATE HOUSE,6,OFFICE EXPENSES,732.6300000000001
COLORADO,STEVEN WOODROW,STATE HOUSE,6,LEGAL SERVICES,624.74
COLORADO,DAVE WILLIAMS,STATE HOUSE,15,CAMPAIGN CONSULTING,21392.52
COLORADO,DAVE WILLIAMS,STATE HOUSE,15,CAMPAIGN SIGNS & PARAPHERNALIA,3873.75
COLORADO,DAVE WILLIAMS,STATE HOUSE,15,SHIPPING & POSTAGE,2707.47
COLORADO,DAVE WILLIAMS,STATE HOUSE,15,CONTRIBUTION & DONATION,750.0
COLORADO,DAVE WILLIAMS,STATE HOUSE,15,MEALS & CATERING,715.18
COLORADO,DAVE WILLIAMS,STATE HOUSE,15,CREDIT CARD PROCESSING FEES,670.3199999999999
COLORADO,DAVE WILLIAMS,STATE HOUSE,15,TRAVEL & LODGING,659.24
COLORADO,DAVE WILLIAMS,STATE HOUSE,15,GENERAL OPERATIONS & SUPPLIES,300.0
COLORADO,DAVE WILLIAMS,STATE HOUSE,15,PRINTING,107.23
COLORADO,DAVE WILLIAMS,STATE HOUSE,15,WEBSITE SERVICES,84.48
COLORADO,RHONDA FIELDS,STATE SENATE,29,CAMPAIGN CONSULTING,8840.0
COLORADO,RHONDA FIELDS,STATE SENATE,29,PRINTING,6528.570000000001
COLORADO,RHONDA FIELDS,STATE SENATE,29,MEDIA & ADS,4965.0
COLORADO,RHONDA FIELDS,STATE SENATE,29,SOFTWARE & TECHNOLOGY,2844.64
COLORADO,RHONDA FIELDS,STATE SENATE,29,CREDIT CARD PROCESSING FEES,1332.9499999999998
COLORADO,RHONDA FIELDS,STATE SENATE,29,DIGITAL ADVERTISING,1201.46
COLORADO,RHONDA FIELDS,STATE SENATE,29,CAMPAIGN SIGNS & PARAPHERNALIA,842.5
COLORADO,RHONDA FIELDS,STATE SENATE,29,OFFICE EXPENSES,599.54
COLORADO,RHONDA FIELDS,STATE SENATE,29,SHIPPING & POSTAGE,489.75
COLORADO,RHONDA FIELDS,STATE SENATE,29,MEALS & CATERING,369.08
COLORADO,MARY YOUNG,STATE HOUSE,50,CAMPAIGN CONSULTING,38770.92
COLORADO,MARY YOUNG,STATE HOUSE,50,GENERAL OPERATIONS & SUPPLIES,20894.66
COLORADO,MARY YOUNG,STATE HOUSE,50,MEDIA & ADS,5838.369999999999
COLORADO,MARY YOUNG,STATE HOUSE,50,TRAVEL & LODGING,2326.2
COLORADO,MARY YOUNG,STATE HOUSE,50,PRINTING,1889.53
COLORADO,MARY YOUNG,STATE HOUSE,50,OFFICE EXPENSES,1080.73
COLORADO,MARY YOUNG,STATE HOUSE,50,CREDIT CARD PROCESSING FEES,940.9399999999998
COLORADO,MARY YOUNG,STATE HOUSE,50,UTILITIES,447.0
COLORADO,MARY YOUNG,STATE HOUSE,50,SOFTWARE & TECHNOLOGY,299.53000000000003
COLORADO,MARY YOUNG,STATE HOUSE,50,DIGITAL ADVERTISING,278.0
COLORADO,LESLIE HEROD,STATE HOUSE,8,CAMPAIGN CONSULTING,48106.75
COLORADO,LESLIE HEROD,STATE HOUSE,8,TRAVEL & LODGING,6039.09
COLORADO,LESLIE HEROD,STATE HOUSE,8,SOFTWARE & TECHNOLOGY,4559.48
COLORADO,LESLIE HEROD,STATE HOUSE,8,CONTRIBUTION & DONATION,3548.47
COLORADO,LESLIE HEROD,STATE HOUSE,8,CREDIT CARD PROCESSING FEES,2647.4400000000005
COLORADO,LESLIE HEROD,STATE HOUSE,8,OFFICE EXPENSES,1657.55
COLORADO,LESLIE HEROD,STATE HOUSE,8,WEBSITE SERVICES,1413.6200000000001
COLORADO,LESLIE HEROD,STATE HOUSE,8,CREDIT CARD PAYMENT & BANK FEES,599.3499999999999
COLORADO,LESLIE HEROD,STATE HOUSE,8,DIGITAL ADVERTISING,538.21
COLORADO,LESLIE HEROD,STATE HOUSE,8,FUNDRAISING & FUNDRAISING CONSULTING,370.71
COLORADO,NAQUETTA RICKS,STATE HOUSE,40,MEDIA & ADS,23726.7
COLORADO,NAQUETTA RICKS,STATE HOUSE,40,"PR, COMMUNICATIONS, & MARKETING",17773.0
COLORADO,NAQUETTA RICKS,STATE HOUSE,40,CAMPAIGN CONSULTING,5311.6900000000005
COLORADO,NAQUETTA RICKS,STATE HOUSE,40,EVENT EXPENSES,3237.48
COLORADO,NAQUETTA RICKS,STATE HOUSE,40,CREDIT CARD PROCESSING FEES,1998.7999999999997
COLORADO,NAQUETTA RICKS,STATE HOUSE,40,GENERAL OPERATIONS & SUPPLIES,1798.23
COLORADO,NAQUETTA RICKS,STATE HOUSE,40,DIGITAL ADVERTISING,1514.82
COLORADO,NAQUETTA RICKS,STATE HOUSE,40,OFFICE EXPENSES,1345.75
COLORADO,NAQUETTA RICKS,STATE HOUSE,40,SOFTWARE & TECHNOLOGY,1267.96
COLORADO,NAQUETTA RICKS,STATE HOUSE,40,CREDIT CARD PAYMENT & BANK FEES,1243.0
COLORADO,RON HANKS,STATE HOUSE,60,CAMPAIGN CONSULTING,25300.749999999996
COLORADO,RON HANKS,STATE HOUSE,60,MEDIA & ADS,5617.05
COLORADO,RON HANKS,STATE HOUSE,60,OFFICE EXPENSES,1543.53
COLORADO,RON HANKS,STATE HOUSE,60,CAMPAIGN SIGNS & PARAPHERNALIA,861.97
COLORADO,RON HANKS,STATE HOUSE,60,TRAVEL & LODGING,458.12
COLORADO,RON HANKS,STATE HOUSE,60,CONTRIBUTION & DONATION,300.0
COLORADO,RON HANKS,STATE HOUSE,60,GENERAL OPERATIONS & SUPPLIES,162.26
COLORADO,RON HANKS,STATE HOUSE,60,0,0.0
COLORADO,RON HANKS,STATE HOUSE,60,0,0.0
COLORADO,RON HANKS,STATE HOUSE,60,0,0.0
COLORADO,JERRY SONNENBERG,STATE SENATE,1,TRAVEL & LODGING,12908.93
COLORADO,JERRY SONNENBERG,STATE SENATE,1,CAMPAIGN CONSULTING,8100.0
COLORADO,JERRY SONNENBERG,STATE SENATE,1,MEDIA & ADS,3550.52
COLORADO,JERRY SONNENBERG,STATE SENATE,1,SOFTWARE & TECHNOLOGY,2713.49
COLORADO,JERRY SONNENBERG,STATE SENATE,1,CONTRIBUTION & DONATION,1291.0
COLORADO,JERRY SONNENBERG,STATE SENATE,1,GENERAL OPERATIONS & SUPPLIES,550.0
COLORADO,JERRY SONNENBERG,STATE SENATE,1,MEALS & CATERING,495.59000000000003
COLORADO,JERRY SONNENBERG,STATE SENATE,1,DIGITAL ADVERTISING,393.69
COLORADO,JERRY SONNENBERG,STATE SENATE,1,WEBSITE SERVICES,224.37
COLORADO,JERRY SONNENBERG,STATE SENATE,1,PRINTING,107.19
COLORADO,JANET P. BUCKNER,STATE SENATE,28,TRAVEL & LODGING,22074.12
COLORADO,JANET P. BUCKNER,STATE SENATE,28,POLITICAL FUNDS & GROUPS,18495.81
COLORADO,JANET P. BUCKNER,STATE SENATE,28,DIRECT MAIL,15514.849999999999
COLORADO,JANET P. BUCKNER,STATE SENATE,28,CAMPAIGN SIGNS & PARAPHERNALIA,8909.98
COLORADO,JANET P. BUCKNER,STATE SENATE,28,OFFICE EXPENSES,6376.49
COLORADO,JANET P. BUCKNER,STATE SENATE,28,CONTRIBUTION & DONATION,3463.71
COLORADO,JANET P. BUCKNER,STATE SENATE,28,CREDIT CARD PROCESSING FEES,885.3399999999999
COLORADO,JANET P. BUCKNER,STATE SENATE,28,SHIPPING & POSTAGE,802.49
COLORADO,JANET P. BUCKNER,STATE SENATE,28,MEALS & CATERING,637.63
COLORADO,JANET P. BUCKNER,STATE SENATE,28,SOFTWARE & TECHNOLOGY,556.8499999999999
COLORADO,BRITTANY PETTERSEN,STATE SENATE,22,MEDIA & ADS,169921.48
COLORADO,BRITTANY PETTERSEN,STATE SENATE,22,OFFICE EXPENSES,64252.14000000001
COLORADO,BRITTANY PETTERSEN,STATE SENATE,22,CAMPAIGN CONSULTING,33973.93
COLORADO,BRITTANY PETTERSEN,STATE SENATE,22,GENERAL OPERATIONS & SUPPLIES,19463.390000000003
COLORADO,BRITTANY PETTERSEN,STATE SENATE,22,SHIPPING & POSTAGE,14959.06
COLORADO,BRITTANY PETTERSEN,STATE SENATE,22,SOFTWARE & TECHNOLOGY,10238.6
COLORADO,BRITTANY PETTERSEN,STATE SENATE,22,CREDIT CARD PROCESSING FEES,5659.260000000001
COLORADO,BRITTANY PETTERSEN,STATE SENATE,22,FUNDRAISING & FUNDRAISING CONSULTING,5097.0
COLORADO,BRITTANY PETTERSEN,STATE SENATE,22,MEALS & CATERING,4390.84
COLORADO,BRITTANY PETTERSEN,STATE SENATE,22,PRINTING,2958.0299999999997
COLORADO,DENNIS HISEY,STATE SENATE,2,MEDIA & ADS,11900.79
COLORADO,DENNIS HISEY,STATE SENATE,2,TRAVEL & LODGING,5852.83
COLORADO,DENNIS HISEY,STATE SENATE,2,MEALS & CATERING,5607.5599999999995
COLORADO,DENNIS HISEY,STATE SENATE,2,GENERAL OPERATIONS & SUPPLIES,3751.2900000000004
COLORADO,DENNIS HISEY,STATE SENATE,2,OFFICE EXPENSES,2426.5299999999997
COLORADO,DENNIS HISEY,STATE SENATE,2,POLITICAL FUNDS & GROUPS,2180.0
COLORADO,DENNIS HISEY,STATE SENATE,2,CAMPAIGN CONSULTING,872.4
COLORADO,DENNIS HISEY,STATE SENATE,2,CAMPAIGN SIGNS & PARAPHERNALIA,765.17
COLORADO,DENNIS HISEY,STATE SENATE,2,SHIPPING & POSTAGE,690.0
COLORADO,DENNIS HISEY,STATE SENATE,2,FUEL & GAS,616.98
COLORADO,ROBERT E. RANKIN,STATE SENATE,8,ACCOUNTING & FINANCIAL MANAGEMENT,15317.75
COLORADO,ROBERT E. RANKIN,STATE SENATE,8,CAMPAIGN CONSULTING,720.0
COLORADO,ROBERT E. RANKIN,STATE SENATE,8,OFFICE EXPENSES,292.07
COLORADO,ROBERT E. RANKIN,STATE SENATE,8,CONTRIBUTION & DONATION,150.0
COLORADO,ROBERT E. RANKIN,STATE SENATE,8,TRAVEL & LODGING,107.44
COLORADO,ROBERT E. RANKIN,STATE SENATE,8,EVENT EXPENSES,100.0
COLORADO,ROBERT E. RANKIN,STATE SENATE,8,0,0.0
COLORADO,ROBERT E. RANKIN,STATE SENATE,8,0,0.0
COLORADO,ROBERT E. RANKIN,STATE SENATE,8,0,0.0
COLORADO,ROBERT E. RANKIN,STATE SENATE,8,0,0.0
COLORADO,JANICE RICH,STATE HOUSE,55,0,0.0
COLORADO,JANICE RICH,STATE HOUSE,55,0,0.0
COLORADO,JANICE RICH,STATE HOUSE,55,0,0.0
COLORADO,JANICE RICH,STATE HOUSE,55,0,0.0
COLORADO,JANICE RICH,STATE HOUSE,55,0,0.0
COLORADO,JANICE RICH,STATE HOUSE,55,0,0.0
COLORADO,JANICE RICH,STATE HOUSE,55,0,0.0
COLORADO,JANICE RICH,STATE HOUSE,55,0,0.0
COLORADO,JANICE RICH,STATE HOUSE,55,0,0.0
COLORADO,JANICE RICH,STATE HOUSE,55,0,0.0
COLORADO,JESSIE DANIELSON,STATE SENATE,20,SHIPPING & POSTAGE,147890.1
COLORADO,JESSIE DANIELSON,STATE SENATE,20,MEDIA & ADS,142451.71
COLORADO,JESSIE DANIELSON,STATE SENATE,20,CANVASSING & FIELD WORK,61675.0
COLORADO,JESSIE DANIELSON,STATE SENATE,20,EVENT EXPENSES,31252.07
COLORADO,JESSIE DANIELSON,STATE SENATE,20,CAMPAIGN CONSULTING,31248.679999999997
COLORADO,JESSIE DANIELSON,STATE SENATE,20,SALARY & PAYROLL,11716.880000000001
COLORADO,JESSIE DANIELSON,STATE SENATE,20,DIGITAL ADVERTISING,11554.489999999998
COLORADO,JESSIE DANIELSON,STATE SENATE,20,CREDIT CARD PROCESSING FEES,8750.0
COLORADO,JESSIE DANIELSON,STATE SENATE,20,GENERAL OPERATIONS & SUPPLIES,7820.550000000001
COLORADO,JESSIE DANIELSON,STATE SENATE,20,PRINTING,6064.41
